x0,y0,x1,y1,x2,y2,x3,y3,x4,y4,x5,y5,x6,y6,x7,y7,x8,y8,x9,y9,x10,y10,x11,y11,x12,y12,x13,y13,x14,y14,x15,y15,x16,y16,x17,y17,x18,y18,x19,y19,x20,y20,label
0.6756020188331604,0.6644263863563538,0.5856255888938904,0.6317263841629028,0.5575702786445618,0.5734952688217163,0.567778468132019,0.5342849493026733,0.5846285820007324,0.5113804936408997,0.5922184586524963,0.5015919208526611,0.5591427683830261,0.4315970540046692,0.5431414246559143,0.3901355266571045,0.5355263948440552,0.3585798740386963,0.6337767243385315,0.5025418400764465,0.6429668068885803,0.42143771052360535,0.6442174315452576,0.37569087743759155,0.647937536239624,0.34326910972595215,0.6571276187896729,0.5137497186660767,0.6308408379554749,0.4726819097995758,0.6061884760856628,0.4913999140262604,0.5956345796585083,0.5023075342178345,0.669678270816803,0.5223309397697449,0.6412270069122314,0.5027019381523132,0.622218132019043,0.5146493315696716,0.6111636757850647,0.528192937374115,2
0.6733063459396362,0.6655888557434082,0.5824456214904785,0.6340736150741577,0.5528864860534668,0.5758418440818787,0.5630524754524231,0.5333583950996399,0.582161545753479,0.5102203488349915,0.590447187423706,0.5093264579772949,0.5551677346229553,0.4342927038669586,0.5366736054420471,0.39063429832458496,0.5264049172401428,0.35598811507225037,0.6333999633789062,0.5046747922897339,0.640337347984314,0.4216849207878113,0.6404285430908203,0.3733222484588623,0.6440289616584778,0.3404599130153656,0.6552581191062927,0.511418342590332,0.6277694702148438,0.46519267559051514,0.6026281118392944,0.47399741411209106,0.5914545059204102,0.48038798570632935,0.6666247844696045,0.5199780464172363,0.635848343372345,0.49503377079963684,0.6174272894859314,0.5023656487464905,0.6068588495254517,0.5146848559379578,2
0.6757175326347351,0.665008008480072,0.5845056772232056,0.6328868269920349,0.5550298690795898,0.5736073851585388,0.5637872815132141,0.5367044806480408,0.5808629393577576,0.5150264501571655,0.5913529992103577,0.5019326210021973,0.5569455623626709,0.43104687333106995,0.5399430990219116,0.3894948661327362,0.5299532413482666,0.35725492238998413,0.6328439116477966,0.5032522678375244,0.641808271408081,0.422638475894928,0.6428889632225037,0.37657397985458374,0.6451240181922913,0.34448277950286865,0.6557801365852356,0.5160377621650696,0.6235844492912292,0.4829343259334564,0.6024948954582214,0.5103398561477661,0.5962179899215698,0.525661289691925,0.6675834655761719,0.5268799662590027,0.6376752257347107,0.5144906044006348,0.6206977963447571,0.5320762991905212,0.6131100654602051,0.5489379167556763,2
0.6716734170913696,0.6619570255279541,0.5817939043045044,0.6291600465774536,0.5527734756469727,0.5731714963912964,0.5631238222122192,0.5329906940460205,0.5811354517936707,0.5101420283317566,0.5887109637260437,0.5021895170211792,0.5542982816696167,0.43137118220329285,0.5365339517593384,0.38771912455558777,0.5274112820625305,0.35431453585624695,0.6306712627410889,0.502229630947113,0.6383659243583679,0.4226588308811188,0.6387602090835571,0.3768728971481323,0.6421563029289246,0.3437751531600952,0.6528871059417725,0.5119708776473999,0.6261227130889893,0.4702444076538086,0.6008718609809875,0.4812045991420746,0.5884648561477661,0.487466961145401,0.6649645566940308,0.5211437940597534,0.6353563070297241,0.49977439641952515,0.6176444292068481,0.5070098638534546,0.6063413619995117,0.5187304019927979,2
0.6710101962089539,0.6629071235656738,0.5824980735778809,0.6289496421813965,0.5548429489135742,0.5712045431137085,0.5648003816604614,0.5339289307594299,0.5815523266792297,0.51119065284729,0.589290201663971,0.5014869570732117,0.5551052093505859,0.4319418966770172,0.5371116399765015,0.3899984359741211,0.5275353789329529,0.35746002197265625,0.629644513130188,0.5032888054847717,0.6399649381637573,0.4230586886405945,0.640605092048645,0.3760907053947449,0.6436499953269958,0.34348002076148987,0.6516626477241516,0.5147060751914978,0.622861385345459,0.47669124603271484,0.5997430086135864,0.496320903301239,0.5900874137878418,0.5074606537818909,0.6635381579399109,0.5245195031166077,0.6345422863960266,0.5081431269645691,0.616916298866272,0.5217360258102417,0.607047975063324,0.5368786454200745,2
0.6723341941833496,0.662983775138855,0.5827517509460449,0.6320287585258484,0.5522656440734863,0.5729379653930664,0.561678946018219,0.531427264213562,0.5795875191688538,0.5067107677459717,0.5896007418632507,0.5052096843719482,0.5544064044952393,0.4338139593601227,0.5363026857376099,0.3912914991378784,0.5268051624298096,0.35725653171539307,0.6323729753494263,0.5041826367378235,0.6383852958679199,0.4244491457939148,0.6377689242362976,0.37732750177383423,0.6411178112030029,0.34474843740463257,0.6546671390533447,0.5128051042556763,0.6275087594985962,0.46921518445014954,0.6011599898338318,0.4798576831817627,0.5887219905853271,0.48702356219291687,0.6659582257270813,0.5219091773033142,0.6356120109558105,0.4997045397758484,0.6165342330932617,0.5085857510566711,0.606086015701294,0.5214508771896362,2
0.6765350103378296,0.6622376441955566,0.5856391191482544,0.6317936778068542,0.5560508966445923,0.5739325881004333,0.5612266063690186,0.5372750759124756,0.5736955404281616,0.513441264629364,0.5910512804985046,0.5014026761054993,0.5559267401695251,0.430877685546875,0.5382269024848938,0.38845324516296387,0.5278034806251526,0.35518214106559753,0.629704475402832,0.5036431550979614,0.6386164426803589,0.42475372552871704,0.6409304738044739,0.3773919343948364,0.6443666219711304,0.34352588653564453,0.6494196057319641,0.5157483816146851,0.6180688738822937,0.4839423894882202,0.5980877876281738,0.5108504891395569,0.591784656047821,0.5262237191200256,0.659548282623291,0.525341808795929,0.6300050020217896,0.5138437747955322,0.6154085397720337,0.5321964621543884,0.6080339550971985,0.5488598346710205,2
0.6736701726913452,0.6641066074371338,0.5847434401512146,0.6340598464012146,0.5531683564186096,0.5747276544570923,0.5665585398674011,0.533849835395813,0.5859980583190918,0.509503960609436,0.5885109305381775,0.502583920955658,0.5547990202903748,0.43147480487823486,0.5377353429794312,0.3896103799343109,0.5289855003356934,0.35629820823669434,0.6314018368721008,0.5026479363441467,0.6388441324234009,0.42173469066619873,0.6388620734214783,0.3753344416618347,0.6423689723014832,0.341641902923584,0.6548789143562317,0.5129923820495605,0.6279425024986267,0.47383275628089905,0.602009654045105,0.49276772141456604,0.590772807598114,0.5052283406257629,0.6673953533172607,0.5222502946853638,0.6379272937774658,0.5036946535110474,0.6188374161720276,0.5170759558677673,0.6094088554382324,0.5334784388542175,2
0.6693215370178223,0.6609548926353455,0.5802534818649292,0.630508542060852,0.5504268407821655,0.5756171345710754,0.5592769384384155,0.5356459617614746,0.5751849412918091,0.5125934481620789,0.5876356363296509,0.502601146697998,0.5532359480857849,0.43213194608688354,0.535668134689331,0.3897232413291931,0.5265487432479858,0.3563873767852783,0.6304937601089478,0.5030246376991272,0.6373422145843506,0.4227871596813202,0.6372910737991333,0.37614160776138306,0.6405289769172668,0.3433443009853363,0.6541692018508911,0.5129268765449524,0.6259725689888,0.4725114703178406,0.6007620692253113,0.48875439167022705,0.589724063873291,0.4983919560909271,0.6666306853294373,0.5221547484397888,0.6367418766021729,0.502557635307312,0.6173062920570374,0.5139729976654053,0.6068347096443176,0.5278763175010681,2
0.6722322106361389,0.664023756980896,0.5823121666908264,0.6319394111633301,0.5522141456604004,0.5718687772750854,0.5606651306152344,0.5306692123413086,0.5784403085708618,0.5069766640663147,0.5922380089759827,0.5068025588989258,0.5552130937576294,0.4337945878505707,0.5373977422714233,0.39163345098495483,0.5271183848381042,0.3568328022956848,0.6338522434234619,0.5061236023902893,0.6392641067504883,0.4239034652709961,0.6391509771347046,0.3759777545928955,0.6416041851043701,0.34201350808143616,0.6552810072898865,0.5156735181808472,0.6211609244346619,0.47870776057243347,0.5981878042221069,0.5012969374656677,0.5912523865699768,0.5156123042106628,0.6656813025474548,0.525086522102356,0.6338546872138977,0.5058589577674866,0.6164536476135254,0.5212064385414124,0.6098477244377136,0.5379766821861267,2
0.674781084060669,0.6651720404624939,0.5831609964370728,0.6340847015380859,0.5529235601425171,0.5747299194335938,0.5591987371444702,0.5343155860900879,0.5745750665664673,0.5091879963874817,0.5885447859764099,0.505886435508728,0.5538257956504822,0.43356192111968994,0.5355018973350525,0.3895083963871002,0.5256137251853943,0.3546764850616455,0.6296869516372681,0.5059146881103516,0.6357735991477966,0.42619699239730835,0.6366932392120361,0.37807995080947876,0.6408634781837463,0.3448396325111389,0.6511490345001221,0.5153195261955261,0.619724690914154,0.47558456659317017,0.5958325862884521,0.496537446975708,0.5863556861877441,0.5092567205429077,0.6623246669769287,0.5233386158943176,0.6309347748756409,0.5066483020782471,0.6132768392562866,0.5213432312011719,0.6028832197189331,0.5371595025062561,2
0.6740421652793884,0.6654725670814514,0.582416296005249,0.6340692043304443,0.5512546896934509,0.574768602848053,0.5591029524803162,0.5352554321289062,0.5754320025444031,0.5118127465248108,0.589952290058136,0.5040313005447388,0.5533674955368042,0.4322880506515503,0.5352489948272705,0.3892925977706909,0.5255708694458008,0.35500407218933105,0.6315124034881592,0.5043718218803406,0.6381856203079224,0.424527108669281,0.6382250189781189,0.37642765045166016,0.6409099102020264,0.34221750497817993,0.653541088104248,0.514651358127594,0.6211369633674622,0.47818028926849365,0.5959144234657288,0.5000852942466736,0.5857284069061279,0.5130795240402222,0.6641932725906372,0.5239568948745728,0.6331512331962585,0.5082941651344299,0.6139233112335205,0.5225904583930969,0.6042569279670715,0.5380273461341858,2
0.6744178533554077,0.6638112664222717,0.5848380923271179,0.6325052976608276,0.554456889629364,0.5744913220405579,0.5622782707214355,0.536375880241394,0.5790295600891113,0.5146615505218506,0.5913791656494141,0.5041240453720093,0.5552141070365906,0.4320148229598999,0.5380821824073792,0.3893185257911682,0.5294898748397827,0.3556627631187439,0.6315377950668335,0.503832221031189,0.6382170915603638,0.42240121960639954,0.6380899548530579,0.3744979500770569,0.6406950950622559,0.3414060175418854,0.6524996757507324,0.5141637921333313,0.6215916275978088,0.47710201144218445,0.5990046262741089,0.4964785873889923,0.5903184413909912,0.5081074833869934,0.662816047668457,0.5233955383300781,0.6330416798591614,0.5065798759460449,0.6160502433776855,0.5198161005973816,0.6072969436645508,0.5343353748321533,2
0.6719873547554016,0.6619892716407776,0.5827764272689819,0.6330946683883667,0.5516635775566101,0.5743029117584229,0.5624507069587708,0.5318817496299744,0.5810436010360718,0.5070595741271973,0.5878381729125977,0.5023950338363647,0.5530664920806885,0.4311525225639343,0.5359411835670471,0.3889971971511841,0.526875913143158,0.35558000206947327,0.6312412619590759,0.5008953213691711,0.6372377872467041,0.4210807681083679,0.6367663145065308,0.37414950132369995,0.6396398544311523,0.3414517939090729,0.6545861959457397,0.5107407569885254,0.6254168152809143,0.4694165587425232,0.5998649597167969,0.4837932586669922,0.5892806649208069,0.49371975660324097,0.6667035222053528,0.5206079483032227,0.6350858211517334,0.5013663172721863,0.6158536672592163,0.5134261250495911,0.6061891317367554,0.5283461213111877,2
0.6722503304481506,0.658642590045929,0.5819417834281921,0.6271967887878418,0.5521056652069092,0.5716289281845093,0.5619038939476013,0.5357674956321716,0.5796697735786438,0.5149027705192566,0.587080180644989,0.4997069239616394,0.5535188913345337,0.42999017238616943,0.5359765887260437,0.3869883418083191,0.5268700122833252,0.3538827896118164,0.6285839080810547,0.5015959739685059,0.6361360549926758,0.42135560512542725,0.6361266374588013,0.3753897547721863,0.6391251683235168,0.34331071376800537,0.6527007818222046,0.5118392109870911,0.6246318221092224,0.47345179319381714,0.6010746955871582,0.4926418364048004,0.5910048484802246,0.5039059519767761,0.6654514670372009,0.5213249325752258,0.6361119151115417,0.503143310546875,0.6166245937347412,0.516129195690155,0.6057518720626831,0.5311129689216614,2
0.6708084940910339,0.6598538756370544,0.5805149674415588,0.6294026374816895,0.5510896444320679,0.5712534189224243,0.5617086291313171,0.5359077453613281,0.5797487497329712,0.5156458020210266,0.5878574252128601,0.4978100657463074,0.5537656545639038,0.4268278181552887,0.5365217924118042,0.38495275378227234,0.5276346802711487,0.35209131240844727,0.6300743222236633,0.5004941821098328,0.6378529071807861,0.42052629590034485,0.6381311416625977,0.3746068775653839,0.6409557461738586,0.34176987409591675,0.6537429094314575,0.5127288699150085,0.6216534972190857,0.4790869951248169,0.5986321568489075,0.505871057510376,0.5911172032356262,0.5210185050964355,0.665856122970581,0.5230324268341064,0.6336820721626282,0.5111498832702637,0.6147228479385376,0.5289546251296997,0.6065620183944702,0.547010600566864,2
0.6727803945541382,0.6592298746109009,0.5825650095939636,0.6261212825775146,0.5545734763145447,0.566629946231842,0.5666125416755676,0.5273990631103516,0.5839994549751282,0.5031610727310181,0.5874391794204712,0.49694862961769104,0.5553318858146667,0.42704641819000244,0.5397199392318726,0.3847770690917969,0.5318387746810913,0.35196417570114136,0.6298910975456238,0.49899667501449585,0.6396219730377197,0.420158714056015,0.6402856707572937,0.3747401833534241,0.643450140953064,0.3430477976799011,0.6540566682815552,0.5100456476211548,0.628778338432312,0.470912367105484,0.6042264699935913,0.4883941411972046,0.5928031802177429,0.49881550669670105,0.6670863628387451,0.5187609195709229,0.6381189823150635,0.5020884275436401,0.6192803978919983,0.5154507756233215,0.6088089942932129,0.5299187302589417,2
0.6714058518409729,0.6573594808578491,0.581217348575592,0.6264821887016296,0.5526924729347229,0.5689742565155029,0.5665209293365479,0.5319666862487793,0.585759162902832,0.510671079158783,0.5889573097229004,0.4975655674934387,0.5571927428245544,0.42728978395462036,0.5410777926445007,0.3853079676628113,0.5326554179191589,0.35280370712280273,0.6306197643280029,0.499507337808609,0.6394811272621155,0.4189755320549011,0.6396705508232117,0.37385740876197815,0.6426767110824585,0.34222620725631714,0.654171884059906,0.5100676417350769,0.628282904624939,0.47089719772338867,0.604701042175293,0.4921588897705078,0.5948123335838318,0.5049351453781128,0.6666237711906433,0.5188266634941101,0.6381495594978333,0.5012375712394714,0.6200131773948669,0.5159643888473511,0.610354483127594,0.5315243601799011,2
0.6723511219024658,0.6598156690597534,0.5825640559196472,0.6299727559089661,0.5533396601676941,0.5711414217948914,0.5636442303657532,0.5312955975532532,0.5820263624191284,0.5086738467216492,0.5885033011436462,0.5010441541671753,0.5554187893867493,0.43100470304489136,0.5393751859664917,0.38876694440841675,0.5311083197593689,0.3555700480937958,0.6313000917434692,0.5008800625801086,0.6393671035766602,0.4207226037979126,0.6403246521949768,0.3749183416366577,0.643698513507843,0.3423236608505249,0.6545470356941223,0.5105161666870117,0.6255570650100708,0.46943145990371704,0.6007193922996521,0.48768487572669983,0.5905614495277405,0.4984697997570038,0.6669511795043945,0.5185608267784119,0.6368294954299927,0.5000237822532654,0.6177676916122437,0.5130769610404968,0.6074401140213013,0.5283061265945435,2
0.6787312626838684,0.6605038046836853,0.5881637930870056,0.6301631927490234,0.5578294396400452,0.5699225664138794,0.5680599808692932,0.5307258367538452,0.584810197353363,0.5070234537124634,0.5921050906181335,0.49899646639823914,0.559786319732666,0.42950165271759033,0.5425111055374146,0.3875436782836914,0.5346440672874451,0.3544042110443115,0.6334120035171509,0.5014336109161377,0.6421091556549072,0.420918732881546,0.6430798172950745,0.3748238682746887,0.6465965509414673,0.34144964814186096,0.6568331718444824,0.5121313333511353,0.6262406706809998,0.4757041931152344,0.6011452674865723,0.5001385807991028,0.5902066826820374,0.5138946175575256,0.6699081659317017,0.5207700133323669,0.6385892033576965,0.5075207352638245,0.6190821528434753,0.523777186870575,0.6085411906242371,0.5410374402999878,2
0.683683454990387,0.6609121561050415,0.5921651124954224,0.6303963661193848,0.5607566833496094,0.5722729563713074,0.5726191401481628,0.5320317149162292,0.588294506072998,0.5071054697036743,0.5964412689208984,0.502636730670929,0.5622625946998596,0.4316389560699463,0.5460920333862305,0.38855111598968506,0.5385043621063232,0.35478997230529785,0.6368132829666138,0.5027404427528381,0.6444862484931946,0.42178964614868164,0.645393431186676,0.37490272521972656,0.6490837335586548,0.34122252464294434,0.6588189005851746,0.5119791626930237,0.6304568648338318,0.47177472710609436,0.6069607734680176,0.4873436689376831,0.5958459973335266,0.497016578912735,0.6707786321640015,0.5203369855880737,0.6413869857788086,0.5025758147239685,0.6235955357551575,0.5137237310409546,0.6128566265106201,0.527073085308075,2
0.6814833879470825,0.6574375033378601,0.5907988548278809,0.6272594332695007,0.5619223117828369,0.5686850547790527,0.5761531591415405,0.5313523411750793,0.594709575176239,0.5082844495773315,0.5965513586997986,0.49771279096603394,0.5635629296302795,0.4287874698638916,0.5477253198623657,0.3865063190460205,0.5398329496383667,0.3534000515937805,0.6370364427566528,0.5001983046531677,0.6462110877037048,0.4195527136325836,0.6470030546188354,0.37391436100006104,0.6499548554420471,0.34097641706466675,0.6601274013519287,0.5108988881111145,0.6318513751029968,0.4741032123565674,0.6092550158500671,0.499388724565506,0.6000849008560181,0.514102041721344,0.6731103658676147,0.5186316967010498,0.6436477303504944,0.5056042671203613,0.6257057785987854,0.5234594345092773,0.6162318587303162,0.5407142043113708,2
0.6828140020370483,0.6598017811775208,0.592420220375061,0.6295552253723145,0.5624223351478577,0.5703233480453491,0.5753494501113892,0.5308998823165894,0.5933466553688049,0.5069310069084167,0.5975193977355957,0.4993150532245636,0.5641029477119446,0.42949700355529785,0.5477304458618164,0.3870648741722107,0.5401875376701355,0.35408294200897217,0.6381402015686035,0.50044846534729,0.6471003293991089,0.41997814178466797,0.6477780342102051,0.37303590774536133,0.6513036489486694,0.34027963876724243,0.6601638197898865,0.5110393762588501,0.6298165321350098,0.47514721751213074,0.6061906814575195,0.5004862546920776,0.5964592695236206,0.5149895548820496,0.6722979545593262,0.5192859172821045,0.6415579319000244,0.5068113803863525,0.6236968636512756,0.5243141055107117,0.6138648986816406,0.5420548915863037,2
0.6831836700439453,0.660287618637085,0.5934627652168274,0.6310615539550781,0.5618764162063599,0.5754504203796387,0.5708805322647095,0.5349037647247314,0.5870285630226135,0.5108095407485962,0.5977144241333008,0.5027932524681091,0.56413733959198,0.4314061403274536,0.5472694039344788,0.38779428601264954,0.5390200018882751,0.35362204909324646,0.6390146613121033,0.5015881657600403,0.6465281844139099,0.4203219413757324,0.6472342014312744,0.37366026639938354,0.6505985260009766,0.3407817780971527,0.661421000957489,0.5101032853126526,0.6334298253059387,0.4696812331676483,0.6084380745887756,0.4859112799167633,0.5963659882545471,0.49582189321517944,0.6736491918563843,0.5182052254676819,0.6447274684906006,0.4980807900428772,0.6267922520637512,0.5094353556632996,0.61583411693573,0.5243344902992249,2
0.6817607879638672,0.6594197750091553,0.5915136933326721,0.6295006275177002,0.5612645149230957,0.5721575617790222,0.572916567325592,0.5337786674499512,0.5896729826927185,0.5113155245780945,0.5983728170394897,0.49769777059555054,0.5645226836204529,0.42788124084472656,0.548322856426239,0.3861823081970215,0.5406153798103333,0.3537832200527191,0.6410527229309082,0.49883216619491577,0.6479311585426331,0.4180973470211029,0.647745668888092,0.3727736473083496,0.6505900621414185,0.3410745859146118,0.6653823852539062,0.5096713900566101,0.6369778513908386,0.47112399339675903,0.6110681295394897,0.4932446777820587,0.600820779800415,0.5069612264633179,0.6778109073638916,0.5186777114868164,0.6475065350532532,0.503481388092041,0.6270662546157837,0.5193759799003601,0.6176477670669556,0.5361348390579224,2
0.6842420101165771,0.6592131853103638,0.5946834087371826,0.6266393661499023,0.5668128728866577,0.5671334862709045,0.5755125880241394,0.532745897769928,0.5899178385734558,0.5102776885032654,0.6006895303726196,0.49360817670822144,0.5671553611755371,0.42421048879623413,0.5511063933372498,0.3831201493740082,0.5431923866271973,0.35093265771865845,0.6395854949951172,0.49758267402648926,0.6505284905433655,0.4183482825756073,0.6528592109680176,0.37221238017082214,0.6562371850013733,0.33973872661590576,0.6607688665390015,0.5118089914321899,0.6283352971076965,0.483028769493103,0.6084753274917603,0.5145527124404907,0.6034148931503296,0.5322481989860535,0.6713756918907166,0.5224743485450745,0.6408035755157471,0.5167288184165955,0.6257218718528748,0.5379593968391418,0.6198865175247192,0.556064248085022,2
0.6848363876342773,0.6601505279541016,0.595426619052887,0.6280169486999512,0.5659797787666321,0.5679774284362793,0.581174910068512,0.5266703367233276,0.6016102433204651,0.5027197599411011,0.6018704175949097,0.4983965754508972,0.5684070587158203,0.4262048900127411,0.5508769750595093,0.38428983092308044,0.5420005321502686,0.3511788249015808,0.6440549492835999,0.4988865852355957,0.6527732610702515,0.4171115756034851,0.6529854536056519,0.37075546383857727,0.6566498875617981,0.3374187648296356,0.6673334836959839,0.5098065733909607,0.6392377614974976,0.47103315591812134,0.6141141653060913,0.4914189279079437,0.6038954854011536,0.5040925741195679,0.67929607629776,0.5199173092842102,0.6485127210617065,0.5022493004798889,0.6292717456817627,0.5159348845481873,0.6194370985031128,0.5323914885520935,2
0.6862562894821167,0.6593403220176697,0.5977787971496582,0.6285622715950012,0.5663983821868896,0.5687987208366394,0.5769273042678833,0.5285597443580627,0.598016083240509,0.5072784423828125,0.6055288314819336,0.4977692663669586,0.571282148361206,0.42639535665512085,0.5553605556488037,0.3842993378639221,0.5474567413330078,0.35132813453674316,0.6472289562225342,0.4985566735267639,0.6548445820808411,0.416469931602478,0.655636191368103,0.3702268898487091,0.6589367389678955,0.3377012610435486,0.6707965135574341,0.5086540579795837,0.6424121260643005,0.46993204951286316,0.6182969808578491,0.4941605031490326,0.6091344952583313,0.5089778304100037,0.6823803782463074,0.5173803567886353,0.6529305577278137,0.5004958510398865,0.6342397332191467,0.5166553854942322,0.6259028911590576,0.534422755241394,2
0.6900442242622375,0.6596229672431946,0.6001396775245667,0.6311084032058716,0.5680909752845764,0.5697246193885803,0.5821508169174194,0.5284388661384583,0.6066884398460388,0.5076507925987244,0.6071906089782715,0.4978139102458954,0.5738394260406494,0.42569372057914734,0.558289647102356,0.3849053978919983,0.5505099892616272,0.3529302477836609,0.6501138210296631,0.4975612759590149,0.657624363899231,0.41475722193717957,0.657230019569397,0.3689740300178528,0.6602132320404053,0.3373333215713501,0.674320638179779,0.5083112716674805,0.6444855332374573,0.47177615761756897,0.620415210723877,0.49721500277519226,0.6125531792640686,0.5136266350746155,0.686269998550415,0.5176171064376831,0.6554946899414062,0.5029141306877136,0.637640655040741,0.5204985737800598,0.6304154396057129,0.5390974283218384,2
0.6884815692901611,0.6600052118301392,0.600166380405426,0.6278932690620422,0.5680130124092102,0.5711513757705688,0.5800901055335999,0.5329331159591675,0.6004345417022705,0.5142295956611633,0.6083940863609314,0.4959952235221863,0.5748292207717896,0.4264606237411499,0.5587455630302429,0.3858222961425781,0.5508953332901001,0.3546941876411438,0.6496341228485107,0.4971727430820465,0.6573769450187683,0.41433387994766235,0.6577535271644592,0.36867573857307434,0.6619812846183777,0.3378322720527649,0.6736886501312256,0.5091511607170105,0.6496007442474365,0.46638521552085876,0.6232694387435913,0.48394498229026794,0.6119545102119446,0.4958578646183014,0.6857197880744934,0.5209847092628479,0.6575924754142761,0.5004580020904541,0.6367172002792358,0.5132167339324951,0.62673419713974,0.5290883183479309,2
0.6884143352508545,0.659014105796814,0.5994264483451843,0.6275485754013062,0.5697401762008667,0.5700576901435852,0.5793044567108154,0.5314347743988037,0.5970646739006042,0.5095899701118469,0.6077815294265747,0.49618884921073914,0.5742774605751038,0.42714568972587585,0.5579147338867188,0.385397732257843,0.5497997403144836,0.3534014821052551,0.6493119597434998,0.49816587567329407,0.6586375832557678,0.4172568619251251,0.6592789888381958,0.3719204366207123,0.6622228622436523,0.34020692110061646,0.6720348596572876,0.5086365342140198,0.6461560130119324,0.46803274750709534,0.6199629306793213,0.4856749475002289,0.6079415082931519,0.4956916570663452,0.6830741167068481,0.5172610282897949,0.6549841165542603,0.49765127897262573,0.6353269815444946,0.5097119808197021,0.6241622567176819,0.523582398891449,2
0.6883809566497803,0.6606426239013672,0.6005036234855652,0.630948543548584,0.5687748789787292,0.573919415473938,0.5782171487808228,0.5326082110404968,0.597878634929657,0.5128302574157715,0.6093294620513916,0.4995112717151642,0.5753476619720459,0.42750173807144165,0.5589554905891418,0.3863007426261902,0.5510607957839966,0.35466960072517395,0.6520570516586304,0.4980141520500183,0.660301685333252,0.4144330322742462,0.6610691547393799,0.3677859306335449,0.6653681993484497,0.3367586135864258,0.6760950684547424,0.5083659291267395,0.652384877204895,0.462432324886322,0.6267542243003845,0.476326048374176,0.616153359413147,0.4867815375328064,0.6880958080291748,0.5198859572410583,0.6601535081863403,0.4970564842224121,0.6399327516555786,0.5077786445617676,0.6303516626358032,0.5232336521148682,2
0.6903702616691589,0.659860372543335,0.6007362008094788,0.6272953152656555,0.573059618473053,0.5701874494552612,0.5861586928367615,0.5327678322792053,0.6090338826179504,0.5126551389694214,0.6102486848831177,0.4959743320941925,0.578260600566864,0.4261947572231293,0.5618902444839478,0.38362041115760803,0.5540253520011902,0.3516921401023865,0.6518169641494751,0.49942898750305176,0.6607075333595276,0.41795679926872253,0.6629424095153809,0.3723165988922119,0.6674679517745972,0.3394649028778076,0.6752733588218689,0.5106486678123474,0.6509753465652466,0.4669359028339386,0.6256088614463806,0.4848148822784424,0.6142295002937317,0.4948386549949646,0.6876534223556519,0.519877552986145,0.6587569713592529,0.499329149723053,0.6387503743171692,0.5122220516204834,0.627732515335083,0.5277035236358643,2
0.6959757208824158,0.65801602602005,0.605395495891571,0.6278797388076782,0.5753138065338135,0.5694666504859924,0.5860934257507324,0.5311339497566223,0.6073065400123596,0.5104990601539612,0.6133522391319275,0.4958730638027191,0.5809966325759888,0.4253568649291992,0.5652175545692444,0.3823789656162262,0.5577527284622192,0.349845290184021,0.6556591987609863,0.4971829652786255,0.6641717553138733,0.41657352447509766,0.665494441986084,0.3712491989135742,0.6687567234039307,0.3402719497680664,0.6788539290428162,0.5078315138816833,0.6521669626235962,0.466219037771225,0.6248503923416138,0.4806275963783264,0.6122088432312012,0.4900810718536377,0.6899457573890686,0.5176801085472107,0.6598799824714661,0.49892348051071167,0.6391494274139404,0.5103899836540222,0.627953052520752,0.5253082513809204,2
0.6976847052574158,0.660775899887085,0.6077530980110168,0.6319243907928467,0.5747076869010925,0.5730406045913696,0.5846138000488281,0.5321857929229736,0.6061132550239563,0.5113409757614136,0.6166743040084839,0.4998781681060791,0.581594705581665,0.42653995752334595,0.5651721358299255,0.38342785835266113,0.556643009185791,0.35000473260879517,0.6593633890151978,0.49784207344055176,0.6672242879867554,0.4155483841896057,0.6684597134590149,0.3680958151817322,0.6718233823776245,0.33603644371032715,0.6820588707923889,0.507175862789154,0.6539496779441833,0.46445387601852417,0.6267910003662109,0.48064762353897095,0.6149085164070129,0.4924037456512451,0.6924383640289307,0.5170224905014038,0.662976086139679,0.49766263365745544,0.6424075365066528,0.5106813907623291,0.6325455904006958,0.527243435382843,2
0.6956110596656799,0.6613693833351135,0.6055879592895508,0.6304582357406616,0.5748540163040161,0.5730674862861633,0.5847484469413757,0.5321306586265564,0.6060152649879456,0.511191189289093,0.6143970489501953,0.49790552258491516,0.58174067735672,0.42681217193603516,0.5654005408287048,0.3835141658782959,0.5578614473342896,0.35048314929008484,0.6578154563903809,0.4975377917289734,0.6656737923622131,0.4163486361503601,0.6676578521728516,0.3693974018096924,0.6720061898231506,0.33603599667549133,0.6811626553535461,0.5072363018989563,0.6568347215652466,0.4604194164276123,0.6306583285331726,0.4705852270126343,0.6182528138160706,0.4768715798854828,0.6936299204826355,0.5167326331138611,0.6645980477333069,0.49269673228263855,0.6448562741279602,0.5013642907142639,0.633108913898468,0.5140897035598755,2
0.697828471660614,0.6626805067062378,0.6084516048431396,0.6325857043266296,0.5762922763824463,0.5721306800842285,0.5854530930519104,0.5301880240440369,0.6069778800010681,0.509831964969635,0.6157270073890686,0.5015559196472168,0.5834252238273621,0.42790406942367554,0.567611575126648,0.38622790575027466,0.5590464472770691,0.3542495369911194,0.6601575016975403,0.4992821514606476,0.6675564050674438,0.4160904288291931,0.6685780882835388,0.36917734146118164,0.6717953085899353,0.3376268744468689,0.6844523549079895,0.5085369348526001,0.6573583483695984,0.4614654779434204,0.6314458847045898,0.47185951471328735,0.620741605758667,0.48010745644569397,0.697136402130127,0.5188748836517334,0.6656490564346313,0.49423038959503174,0.6448785066604614,0.5040419697761536,0.6353116631507874,0.5184856057167053,2
0.6975948810577393,0.6598825454711914,0.606333315372467,0.6291664242744446,0.5763548016548157,0.570767879486084,0.5887587666511536,0.5296303629875183,0.6103107333183289,0.5087094306945801,0.615532636642456,0.49492374062538147,0.5817689895629883,0.42607662081718445,0.564072847366333,0.3853911757469177,0.5559842586517334,0.3543732166290283,0.6580413579940796,0.4960426688194275,0.6664360165596008,0.4158228635787964,0.666769802570343,0.370170921087265,0.6707281470298767,0.33895865082740784,0.6808424592018127,0.5074480175971985,0.6555633544921875,0.46367746591567993,0.6280772089958191,0.47465670108795166,0.6155102849006653,0.48146891593933105,0.6921865344047546,0.5180397033691406,0.6625264286994934,0.4966321289539337,0.6420377492904663,0.5050327181816101,0.6308045983314514,0.5169693231582642,2
0.6966634392738342,0.6592505574226379,0.6080272793769836,0.6287270784378052,0.5780422687530518,0.5713832974433899,0.5881698131561279,0.5320075750350952,0.6079363226890564,0.5107806921005249,0.6171841621398926,0.49718403816223145,0.5833752751350403,0.4276723265647888,0.5659071207046509,0.3851433992385864,0.5574742555618286,0.3528812527656555,0.6579123735427856,0.49920374155044556,0.6667722463607788,0.4167512059211731,0.668398380279541,0.3712007403373718,0.6721722483634949,0.33936557173728943,0.6803160905838013,0.5088452100753784,0.655828595161438,0.462911993265152,0.6300511360168457,0.4782537519931793,0.6171063184738159,0.4870111644268036,0.6913550496101379,0.517138659954071,0.6638773083686829,0.4950667917728424,0.6436372995376587,0.5055184960365295,0.6322505474090576,0.5190118551254272,2
0.7008029222488403,0.6592589616775513,0.6116456985473633,0.6293161511421204,0.5813148021697998,0.5698103308677673,0.588887631893158,0.5288289189338684,0.6046590805053711,0.5051129460334778,0.6207925081253052,0.49794039130210876,0.5859686732292175,0.4271068274974823,0.5695465803146362,0.38491737842559814,0.5606671571731567,0.3528987169265747,0.6621931791305542,0.4975680112838745,0.6704378128051758,0.4173491299152374,0.6715855002403259,0.3705335259437561,0.6739718317985535,0.33852314949035645,0.6834777593612671,0.5075052976608276,0.6554047465324402,0.4659827649593353,0.6294374465942383,0.4802551567554474,0.6177758574485779,0.48942112922668457,0.6935392618179321,0.5163158774375916,0.6650170087814331,0.49696671962738037,0.6454054117202759,0.5086768269538879,0.6347044706344604,0.5229223966598511,2
0.7015523910522461,0.6572244167327881,0.6127058267593384,0.627805233001709,0.5822489261627197,0.5699499845504761,0.5916547775268555,0.5299726128578186,0.6087202429771423,0.5080108642578125,0.6193049550056458,0.4962286353111267,0.5862876772880554,0.4263104796409607,0.5689971446990967,0.38554060459136963,0.5601438879966736,0.35469192266464233,0.6611916422843933,0.49535971879959106,0.6713857054710388,0.4156302213668823,0.6726059317588806,0.36835193634033203,0.6760692596435547,0.33640652894973755,0.683235764503479,0.505337119102478,0.6587274074554443,0.4624088704586029,0.6329048871994019,0.472018301486969,0.621147871017456,0.47883784770965576,0.6935195922851562,0.5150412917137146,0.6659431457519531,0.49504637718200684,0.6470822691917419,0.5036101937294006,0.6372315883636475,0.515550434589386,2
0.7008273601531982,0.6584553122520447,0.6134231090545654,0.6304392218589783,0.5774642825126648,0.5709183812141418,0.5926228761672974,0.5251266360282898,0.6176930665969849,0.5031933188438416,0.6211899518966675,0.5017852187156677,0.5878399610519409,0.42718029022216797,0.5719625949859619,0.38719433546066284,0.5635939836502075,0.3552986979484558,0.6656765341758728,0.4972812831401825,0.6727643013000488,0.4145413935184479,0.6737381815910339,0.3682715892791748,0.6785877346992493,0.33627384901046753,0.6896572709083557,0.5066656470298767,0.6687369346618652,0.4559694230556488,0.6410050392150879,0.455923855304718,0.627981424331665,0.4585677981376648,0.7013912796974182,0.5189947485923767,0.6740416288375854,0.48800456523895264,0.652701735496521,0.49019408226013184,0.6430225968360901,0.5002816915512085,2
0.703061580657959,0.6576794385910034,0.6116861701011658,0.627859354019165,0.5805394053459167,0.5687201023101807,0.5925679802894592,0.5255685448646545,0.6135700941085815,0.5017361640930176,0.619658350944519,0.4975777864456177,0.587229311466217,0.42810747027397156,0.569689154624939,0.38650673627853394,0.5604414939880371,0.3545628786087036,0.6628524661064148,0.4970851540565491,0.6714614629745483,0.41647082567214966,0.6733483672142029,0.3699556589126587,0.6777018308639526,0.33799538016319275,0.6865751147270203,0.5065407752990723,0.6636204123497009,0.4583134651184082,0.6378450393676758,0.465158611536026,0.6260936856269836,0.46986526250839233,0.6987133026123047,0.5159814357757568,0.6700878739356995,0.4911389946937561,0.6491566300392151,0.4981030225753784,0.6373050808906555,0.508651077747345,2
0.709723174571991,0.6555859446525574,0.6186567544937134,0.6272357106208801,0.5890659093856812,0.5667040348052979,0.5992974042892456,0.5245838761329651,0.6177724003791809,0.5011030435562134,0.6271007657051086,0.49889081716537476,0.5937706232070923,0.4267420768737793,0.5778868198394775,0.38262397050857544,0.5692262053489685,0.3488466739654541,0.6710876226425171,0.4967416226863861,0.6783105134963989,0.41742584109306335,0.680944561958313,0.3702608346939087,0.6845799684524536,0.33765745162963867,0.6945009827613831,0.5053275227546692,0.6686268448829651,0.45928138494491577,0.6435149908065796,0.46703284978866577,0.6324651837348938,0.4739588499069214,0.7058889269828796,0.514533281326294,0.6778844594955444,0.4913659691810608,0.6576789617538452,0.49924778938293457,0.6475436687469482,0.5114268660545349,2
0.7168781757354736,0.6536228656768799,0.6296178698539734,0.6270493268966675,0.5983381271362305,0.5702241063117981,0.6090471744537354,0.5251479744911194,0.6273765563964844,0.49999064207077026,0.6337407231330872,0.49999985098838806,0.6019285917282104,0.428602933883667,0.5860910415649414,0.3845767378807068,0.5783646106719971,0.3508838415145874,0.6764662861824036,0.4952887296676636,0.6842820644378662,0.4164339303970337,0.6885185837745667,0.3702540993690491,0.6952728033065796,0.336014986038208,0.6992375254631042,0.5012345314025879,0.6809897422790527,0.44879311323165894,0.6582990288734436,0.4413851499557495,0.6476106643676758,0.43681004643440247,0.7098522186279297,0.5086321234703064,0.6844804286956787,0.47977414727211,0.6646522879600525,0.47773388028144836,0.6522505879402161,0.4817206561565399,2
0.7300684452056885,0.6514909863471985,0.6409779787063599,0.627399742603302,0.6075494885444641,0.5683963298797607,0.6189026236534119,0.5215728878974915,0.6411505937576294,0.4962618947029114,0.6458143591880798,0.505064845085144,0.6141523122787476,0.42790669202804565,0.5982254147529602,0.3822455406188965,0.589413583278656,0.3465021252632141,0.687082827091217,0.49775445461273193,0.6952568888664246,0.41718119382858276,0.7011300325393677,0.36906981468200684,0.7092589735984802,0.3351128399372101,0.7085215449333191,0.5014361143112183,0.6853700280189514,0.44982296228408813,0.6639482975006104,0.4497304856777191,0.6551139950752258,0.4513542354106903,0.718664824962616,0.5070887207984924,0.6923391819000244,0.4797961413860321,0.6736879348754883,0.48262250423431396,0.6621931791305542,0.49180567264556885,2
0.7405517101287842,0.6533868908882141,0.6509265899658203,0.625647246837616,0.6187462210655212,0.565951406955719,0.6311566829681396,0.5221080183982849,0.6530421376228333,0.4984872341156006,0.6599088311195374,0.4952950179576874,0.6277328729629517,0.42329949140548706,0.6124982237815857,0.38169968128204346,0.6055957674980164,0.3479441702365875,0.7020533084869385,0.49378490447998047,0.7105548977851868,0.4144125282764435,0.7149800062179565,0.36667072772979736,0.7223716974258423,0.33209794759750366,0.7241276502609253,0.5040971040725708,0.6918043494224548,0.46372804045677185,0.6647323369979858,0.48295196890830994,0.654376745223999,0.49621129035949707,0.7345317602157593,0.5148995518684387,0.7038964629173279,0.49539855122566223,0.6825811266899109,0.509071946144104,0.6718220114707947,0.5265902280807495,2
0.7587748169898987,0.6488633155822754,0.6691778302192688,0.6222935914993286,0.6381532549858093,0.5620748996734619,0.6493706107139587,0.5170267224311829,0.6730453968048096,0.49350762367248535,0.6780580878257751,0.4919643700122833,0.6475522518157959,0.41932985186576843,0.6320907473564148,0.3760312795639038,0.6239759922027588,0.3428311347961426,0.7199781537055969,0.4935234785079956,0.7286081314086914,0.4145701825618744,0.7330224514007568,0.36884501576423645,0.7386524081230164,0.33633947372436523,0.7420309782028198,0.5041024088859558,0.7137991786003113,0.460507333278656,0.6891000270843506,0.47629082202911377,0.6789271235466003,0.48911893367767334,0.7516724467277527,0.5133727192878723,0.7232586145401001,0.49163272976875305,0.7038737535476685,0.5032168626785278,0.6936599016189575,0.5199605822563171,2
0.7590258121490479,0.6462636590003967,0.6704561710357666,0.617533266544342,0.6399121284484863,0.557684600353241,0.6507350206375122,0.5149036645889282,0.669515073299408,0.4913272261619568,0.6769801378250122,0.49011704325675964,0.6481775045394897,0.4182637929916382,0.6342695355415344,0.37626925110816956,0.6275452971458435,0.3430308699607849,0.719800591468811,0.49051278829574585,0.7283749580383301,0.41046571731567383,0.7339824438095093,0.3653050363063812,0.7407326102256775,0.33123978972435,0.7432199120521545,0.4989830553531647,0.71333909034729,0.4568159878253937,0.685889720916748,0.4739735722541809,0.6742966175079346,0.48559191823005676,0.7551228404045105,0.5066397786140442,0.7261466979980469,0.4826626777648926,0.706390380859375,0.49326807260513306,0.6973855495452881,0.5081400871276855,2
0.7722721695899963,0.6500519514083862,0.6812982559204102,0.6200165748596191,0.6525056958198547,0.5597456693649292,0.6608650088310242,0.518575131893158,0.675079345703125,0.49220117926597595,0.6917871236801147,0.4888456165790558,0.6586602926254272,0.41916006803512573,0.6426888108253479,0.37770888209342957,0.6346073150634766,0.3442496061325073,0.7308944463729858,0.49176162481307983,0.739881694316864,0.4141828417778015,0.7457160353660583,0.3676730990409851,0.7519996166229248,0.33312880992889404,0.7505056262016296,0.5045781135559082,0.7146302461624146,0.47018375992774963,0.6903025507926941,0.4933527708053589,0.6829232573509216,0.5071946382522583,0.7582127451896667,0.5154439210891724,0.7255728840827942,0.5015758275985718,0.7064820528030396,0.5177769660949707,0.6989530920982361,0.5352680087089539,2
0.7717196941375732,0.6461538076400757,0.6842947602272034,0.6176449060440063,0.6534684896469116,0.5597245097160339,0.6630849838256836,0.5137629508972168,0.6856843829154968,0.49116379022598267,0.6916109323501587,0.4954219460487366,0.6599799990653992,0.4193704128265381,0.6459088921546936,0.37559226155281067,0.6393851041793823,0.34156298637390137,0.7358176708221436,0.49114423990249634,0.7414398789405823,0.40917471051216125,0.7467950582504272,0.363241046667099,0.7534358501434326,0.3304409384727478,0.7595750093460083,0.49787530303001404,0.7322025895118713,0.4480994939804077,0.7070499658584595,0.44715142250061035,0.6956714987754822,0.4486265182495117,0.7701842188835144,0.5068128705024719,0.7406173348426819,0.4765722155570984,0.7204355597496033,0.4776589870452881,0.7093607187271118,0.4859442710876465,2
0.7755669355392456,0.6488377451896667,0.6882888078689575,0.6228393316268921,0.6539533138275146,0.5658115744590759,0.6618278622627258,0.520424485206604,0.688184380531311,0.4996810257434845,0.6945106983184814,0.4986238479614258,0.6630956530570984,0.42019370198249817,0.648229718208313,0.3779209554195404,0.6407536864280701,0.344215452671051,0.7385628819465637,0.49308645725250244,0.7452325224876404,0.41070497035980225,0.7498970627784729,0.3632802963256836,0.7566111087799072,0.33060866594314575,0.762553334236145,0.4997899830341339,0.7334755063056946,0.45188474655151367,0.7066047787666321,0.45745763182640076,0.6947405934333801,0.4659035801887512,0.7720133662223816,0.5102063417434692,0.7420060634613037,0.48296913504600525,0.7207872271537781,0.48943957686424255,0.7117133140563965,0.5032011866569519,2
0.773077130317688,0.6485913991928101,0.6865435242652893,0.620159387588501,0.6542789936065674,0.5612173080444336,0.6651086211204529,0.5153481364250183,0.6887873411178589,0.49214479327201843,0.691864550113678,0.49192777276039124,0.6617226600646973,0.4198243021965027,0.6479807496070862,0.37834909558296204,0.6411033272743225,0.34580057859420776,0.7346469163894653,0.48998162150382996,0.7426590323448181,0.41008830070495605,0.7476347088813782,0.3640260100364685,0.7541938424110413,0.330221563577652,0.7578279972076416,0.498648077249527,0.7302413582801819,0.45460399985313416,0.7040073275566101,0.4640677273273468,0.6936540603637695,0.4711606800556183,0.7692944407463074,0.5083059072494507,0.7404314279556274,0.48254701495170593,0.7203316688537598,0.4897117614746094,0.7108307480812073,0.5021954774856567,2
0.7698635458946228,0.6487831473350525,0.6843904852867126,0.6196903586387634,0.6526170969009399,0.5639737248420715,0.6613267064094543,0.5180328488349915,0.6864925026893616,0.49528810381889343,0.6914253234863281,0.49815183877944946,0.6607471108436584,0.4239218831062317,0.6465708017349243,0.3808079957962036,0.6403215527534485,0.34708815813064575,0.7348718643188477,0.4937668442726135,0.7408048510551453,0.4132092595100403,0.7461044788360596,0.3667241930961609,0.7530565857887268,0.333276629447937,0.7583379149436951,0.4999065399169922,0.7309730052947998,0.4516700208187103,0.704272985458374,0.4530525803565979,0.6912004947662354,0.45603567361831665,0.769055187702179,0.5089788436889648,0.7403164505958557,0.4788203835487366,0.7197071313858032,0.4810341000556946,0.7080235481262207,0.49111390113830566,2
0.776268482208252,0.6479036808013916,0.6879690885543823,0.6210618019104004,0.6543091535568237,0.5629664659500122,0.6624912023544312,0.5170224905014038,0.6855857968330383,0.4946780800819397,0.6906844973564148,0.49460867047309875,0.6609087586402893,0.4216037392616272,0.6464136242866516,0.3785945177078247,0.6391369700431824,0.3460068702697754,0.732531726360321,0.48979446291923523,0.7417744398117065,0.41092342138290405,0.7475244998931885,0.3654252588748932,0.754593551158905,0.33280041813850403,0.7550274133682251,0.4957268536090851,0.7318066954612732,0.44645100831985474,0.7091711163520813,0.444543719291687,0.699749767780304,0.44409722089767456,0.7657563090324402,0.5047400593757629,0.7377579212188721,0.47858360409736633,0.7180796265602112,0.48037633299827576,0.7072142958641052,0.48867061734199524,2
0.7729693055152893,0.6503286361694336,0.6860587000846863,0.6234768033027649,0.6527403593063354,0.5650230050086975,0.6600534319877625,0.517253577709198,0.6832370758056641,0.49283257126808167,0.6921738386154175,0.5002344846725464,0.6615626811981201,0.4234289526939392,0.6477006077766418,0.38102397322654724,0.6400988698005676,0.347079873085022,0.736687958240509,0.4931827187538147,0.744579017162323,0.4115728437900543,0.7490209937095642,0.3634421229362488,0.7554264664649963,0.32949090003967285,0.7606801986694336,0.499769926071167,0.7305136919021606,0.45275619626045227,0.7022696137428284,0.4588339328765869,0.6902634501457214,0.4666585326194763,0.772345781326294,0.5099429488182068,0.7424062490463257,0.47960713505744934,0.7208598852157593,0.48510026931762695,0.7116405963897705,0.4986359179019928,2
0.7712291479110718,0.6486395597457886,0.6862426996231079,0.6237270832061768,0.6522102355957031,0.5652202367782593,0.6619740128517151,0.515872061252594,0.6865284442901611,0.49313434958457947,0.6941278576850891,0.5060916543006897,0.6607344746589661,0.42451417446136475,0.6458616852760315,0.38146671652793884,0.6368321180343628,0.34713706374168396,0.736781656742096,0.49598532915115356,0.7426192164421082,0.41208887100219727,0.7462843656539917,0.36478403210639954,0.7518377304077148,0.33191442489624023,0.7610039710998535,0.5010215044021606,0.7326522469520569,0.44832029938697815,0.7070956230163574,0.44875985383987427,0.6957815885543823,0.4549822211265564,0.7704847455024719,0.5116625428199768,0.7410896420478821,0.478468120098114,0.7182976007461548,0.4815324544906616,0.7086121439933777,0.49283674359321594,2
0.7718720436096191,0.6467064619064331,0.6859406232833862,0.6208990216255188,0.6508463621139526,0.5629803538322449,0.6605530381202698,0.5149499177932739,0.6837416291236877,0.49309951066970825,0.6933870911598206,0.49845215678215027,0.6594446897506714,0.42186152935028076,0.6444137096405029,0.3799842596054077,0.6363842487335205,0.34673023223876953,0.7345219850540161,0.4916400611400604,0.7404526472091675,0.41083288192749023,0.744400680065155,0.3646835386753082,0.7512249946594238,0.3319013714790344,0.7563638687133789,0.4979356527328491,0.727909505367279,0.44915327429771423,0.7030656933784485,0.45277372002601624,0.693500280380249,0.4586048424243927,0.7650794386863708,0.5087937712669373,0.7364837527275085,0.47972387075424194,0.7164193987846375,0.484113872051239,0.7076461911201477,0.4961192309856415,2
0.7721114754676819,0.649084210395813,0.6853716969490051,0.6208056211471558,0.6509906649589539,0.5612282752990723,0.6612372994422913,0.5150296688079834,0.6835923194885254,0.49288904666900635,0.6922845244407654,0.4963272213935852,0.6595942378044128,0.42167600989341736,0.6456068158149719,0.37986838817596436,0.6375288963317871,0.3470708131790161,0.7339515686035156,0.49115514755249023,0.7417382001876831,0.4094167947769165,0.7458934187889099,0.36258774995803833,0.7518317699432373,0.3299010097980499,0.756947934627533,0.49963489174842834,0.7301256656646729,0.4526439905166626,0.7050166726112366,0.4599899649620056,0.6953384876251221,0.46851906180381775,0.7669259905815125,0.5116459727287292,0.7383531928062439,0.4850260317325592,0.7170906066894531,0.49342089891433716,0.7083055377006531,0.507777988910675,2
0.770991861820221,0.6476233601570129,0.6836785078048706,0.6219707727432251,0.6506056785583496,0.5639232397079468,0.6592694520950317,0.5165300369262695,0.6834650635719299,0.49275416135787964,0.688307523727417,0.4977603256702423,0.6589443683624268,0.42381471395492554,0.6443982124328613,0.38178205490112305,0.6365156173706055,0.3487088680267334,0.7316591739654541,0.4911258816719055,0.738650381565094,0.4105098247528076,0.743175745010376,0.3640265464782715,0.7488037347793579,0.3303091824054718,0.7554135918617249,0.4966866970062256,0.7267157435417175,0.4507746696472168,0.700705885887146,0.4572305977344513,0.688951849937439,0.4642540514469147,0.7665436863899231,0.5055518746376038,0.7355823516845703,0.4800249934196472,0.7155102491378784,0.4864427149295807,0.7050676345825195,0.499039888381958,2
0.7709144353866577,0.6484013795852661,0.6836847066879272,0.6223532557487488,0.6496692299842834,0.561049222946167,0.6583876609802246,0.5126643180847168,0.6799659729003906,0.4888409972190857,0.6884633898735046,0.4971119463443756,0.6567771434783936,0.42078647017478943,0.6424223780632019,0.3788193166255951,0.6338372826576233,0.34539154171943665,0.7326870560646057,0.4905847907066345,0.7404416799545288,0.40987470746040344,0.7444888353347778,0.36240774393081665,0.7504539489746094,0.32857388257980347,0.7571058869361877,0.49803411960601807,0.7271220684051514,0.451294481754303,0.7011369466781616,0.46007391810417175,0.6912251114845276,0.4695416986942291,0.7678428888320923,0.5089339017868042,0.7369059324264526,0.48162686824798584,0.7155752182006836,0.48924720287323,0.7065377831459045,0.5029060244560242,2
0.7695949077606201,0.6489877700805664,0.6840915083885193,0.6223398447036743,0.6501567363739014,0.5635677576065063,0.6601911187171936,0.5165300965309143,0.6831314563751221,0.49417364597320557,0.6888115406036377,0.49671825766563416,0.65662682056427,0.42161402106285095,0.641681969165802,0.38081687688827515,0.6333423852920532,0.3477998375892639,0.7323774695396423,0.4906702935695648,0.7388434410095215,0.40962398052215576,0.7429662346839905,0.3630457818508148,0.7496070265769958,0.3293267488479614,0.7569206357002258,0.4989089071750641,0.7288844585418701,0.4527401328086853,0.704052209854126,0.46017369627952576,0.6940860152244568,0.46864575147628784,0.7683240175247192,0.5106737613677979,0.7382637858390808,0.4814283549785614,0.7189644575119019,0.4887573719024658,0.7115530371665955,0.5029895305633545,2
0.7698895931243896,0.6484246850013733,0.6837590932846069,0.619589626789093,0.6510962247848511,0.5586850643157959,0.6583860516548157,0.5112484693527222,0.6755886077880859,0.4886952042579651,0.6896044015884399,0.4987572729587555,0.6542152762413025,0.4222423732280731,0.6378889083862305,0.3811497092247009,0.626959502696991,0.3480733036994934,0.7321426868438721,0.49153798818588257,0.7383875250816345,0.4106730818748474,0.7420513033866882,0.36291617155075073,0.7472724914550781,0.32925528287887573,0.7557801604270935,0.500735342502594,0.7256616950035095,0.45794394612312317,0.7023190259933472,0.464746356010437,0.694577693939209,0.4743289649486542,0.7650296688079834,0.5135294198989868,0.7354322075843811,0.48656168580055237,0.7164504528045654,0.49510347843170166,0.7104660868644714,0.50879967212677,2
0.7695207595825195,0.645257294178009,0.682013213634491,0.6154204607009888,0.6531363129615784,0.5578367114067078,0.6613674163818359,0.5129934549331665,0.6786553263664246,0.48822200298309326,0.6831900477409363,0.4901995062828064,0.6516279578208923,0.42302942276000977,0.6348503232002258,0.38196271657943726,0.6266875267028809,0.35064515471458435,0.7250785231590271,0.488396555185318,0.7343855500221252,0.41012123227119446,0.739038348197937,0.3634830117225647,0.7460069060325623,0.3292962908744812,0.7487644553184509,0.497185081243515,0.7265114188194275,0.4481761157512665,0.7042658925056458,0.4505140781402588,0.6944969296455383,0.4522556960582733,0.7604842782020569,0.5066065192222595,0.7339142560958862,0.47927454113960266,0.7161052823066711,0.4825707674026489,0.705883800983429,0.4897807240486145,2
0.7649673223495483,0.6437773704528809,0.6810439825057983,0.6144453287124634,0.6567661762237549,0.5562795996665955,0.6684179306030273,0.5116233229637146,0.685066819190979,0.48421338200569153,0.6782281994819641,0.49155929684638977,0.6411929130554199,0.4287075996398926,0.6223117113113403,0.3900662362575531,0.6122372150421143,0.3588458001613617,0.7214657664299011,0.4894925653934479,0.7272270321846008,0.4099690020084381,0.7297376394271851,0.36326664686203003,0.7349545359611511,0.3299589157104492,0.7466657757759094,0.4966113567352295,0.7265937924385071,0.44897258281707764,0.7038872838020325,0.45891326665878296,0.6926778554916382,0.46624162793159485,0.7607594132423401,0.5033848881721497,0.7356747388839722,0.4752204716205597,0.7176946401596069,0.48320817947387695,0.7088025212287903,0.49465101957321167,2
0.7639025449752808,0.6460890769958496,0.6791885495185852,0.6203830242156982,0.6523316502571106,0.5646951794624329,0.6636888980865479,0.5182859301567078,0.6801079511642456,0.4924752712249756,0.6788884997367859,0.49948957562446594,0.6429787278175354,0.43348291516304016,0.6257995367050171,0.39550870656967163,0.6166164875030518,0.36486315727233887,0.7247651219367981,0.4943098723888397,0.7280192375183105,0.41293343901634216,0.7282222509384155,0.36735522747039795,0.7321291565895081,0.3362228274345398,0.7513387203216553,0.5014246106147766,0.7318955659866333,0.44806742668151855,0.7083961963653564,0.4543531537055969,0.6981425881385803,0.4612710475921631,0.7661008238792419,0.5091642141342163,0.7396344542503357,0.4739937484264374,0.7216627597808838,0.48137167096138,0.7150023579597473,0.49391892552375793,2
0.7649247050285339,0.6476508378982544,0.6809899806976318,0.6195461750030518,0.6551806926727295,0.5613739490509033,0.6687213182449341,0.5188024044036865,0.6857118010520935,0.49592018127441406,0.6793199777603149,0.49918004870414734,0.6480820775032043,0.4341917037963867,0.6316956281661987,0.39669302105903625,0.6215368509292603,0.3673638105392456,0.7241474390029907,0.4922531247138977,0.7320135235786438,0.41606655716896057,0.7364617586135864,0.37065351009368896,0.7427360415458679,0.3397437632083893,0.7542678117752075,0.4992845952510834,0.7342451214790344,0.45353659987449646,0.7137874364852905,0.4653046727180481,0.7059433460235596,0.47508084774017334,0.7717180848121643,0.5085179805755615,0.7443249225616455,0.4853452146053314,0.7250210642814636,0.49756842851638794,0.7184399366378784,0.511000394821167,2
0.765363872051239,0.6509274840354919,0.682610809803009,0.6228870749473572,0.6562274098396301,0.5649409890174866,0.671984851360321,0.5176775455474854,0.6918730139732361,0.4947983920574188,0.688673198223114,0.5113540887832642,0.659041702747345,0.4409599304199219,0.6442179679870605,0.40127134323120117,0.6347755789756775,0.36873918771743774,0.7334584593772888,0.501282811164856,0.7421115040779114,0.4210587441921234,0.7463457584381104,0.37480229139328003,0.753350555896759,0.3438113331794739,0.7620241641998291,0.5063881278038025,0.7429628968238831,0.4517161250114441,0.7212285995483398,0.45520710945129395,0.7119001746177673,0.4635246694087982,0.7766110301017761,0.5160408616065979,0.7500907182693481,0.47893276810646057,0.729101836681366,0.4864184558391571,0.7218440175056458,0.5003690719604492,2
0.7688479423522949,0.6548073291778564,0.6840476989746094,0.6272950768470764,0.6551640629768372,0.5687366127967834,0.6683526039123535,0.5215582251548767,0.6891888380050659,0.4948812425136566,0.6905117630958557,0.5136573910713196,0.6571171283721924,0.44118374586105347,0.6402658820152283,0.40131136775016785,0.630347490310669,0.3683333396911621,0.7382341027259827,0.5085197687149048,0.7464863061904907,0.4248698949813843,0.7496679425239563,0.37597882747650146,0.7554956674575806,0.3440566658973694,0.766507089138031,0.5145599842071533,0.7424538135528564,0.4583776593208313,0.7181563377380371,0.4662790894508362,0.7084673047065735,0.4767719805240631,0.7804957032203674,0.5220755934715271,0.7542263865470886,0.48331212997436523,0.7342590093612671,0.48948001861572266,0.7281548976898193,0.5028993487358093,2
0.7752687931060791,0.6528497934341431,0.6931319832801819,0.620757520198822,0.6696043014526367,0.5647794604301453,0.6877610087394714,0.5213632583618164,0.7118470668792725,0.496298611164093,0.7010923027992249,0.5109167695045471,0.6734768748283386,0.4433957636356354,0.6592545509338379,0.4024634063243866,0.6520501375198364,0.3692895472049713,0.7460514307022095,0.5078873634338379,0.7589410543441772,0.4283389747142792,0.7675726413726807,0.3815617561340332,0.7773590087890625,0.3457511365413666,0.7740467190742493,0.5136247277259827,0.7614789009094238,0.45627090334892273,0.7400348782539368,0.4588773250579834,0.7294300198554993,0.4624681770801544,0.7902032136917114,0.5210371613502502,0.7714112997055054,0.48433151841163635,0.7543444633483887,0.4867061972618103,0.7439900636672974,0.4947916269302368,2
0.7890435457229614,0.654039204120636,0.7088154554367065,0.6207538843154907,0.6837040781974792,0.5631166696548462,0.7034205794334412,0.5184056162834167,0.7318679690361023,0.4978380799293518,0.72314453125,0.5152691006660461,0.6954140663146973,0.4403035640716553,0.6820247769355774,0.39994722604751587,0.6751227378845215,0.3658900260925293,0.769967794418335,0.5098592042922974,0.782670795917511,0.4257897138595581,0.7918200492858887,0.37783241271972656,0.8038160800933838,0.34310442209243774,0.7985671162605286,0.516550600528717,0.7861722707748413,0.45143166184425354,0.7631778717041016,0.4589853286743164,0.7533515095710754,0.4711717367172241,0.8147115111351013,0.5261779427528381,0.798014223575592,0.48160651326179504,0.7800185680389404,0.48750364780426025,0.7743899822235107,0.5026566386222839,2
0.7947824001312256,0.6510668992996216,0.7144654393196106,0.6196234226226807,0.689663827419281,0.56166672706604,0.7071574330329895,0.518360435962677,0.7330244183540344,0.49522146582603455,0.7257051467895508,0.5102512240409851,0.7003651261329651,0.4375147819519043,0.6871367692947388,0.39486759901046753,0.6804481744766235,0.359780490398407,0.7732018828392029,0.5073893070220947,0.7880445122718811,0.4266403615474701,0.7992451786994934,0.37711286544799805,0.8110766410827637,0.34242475032806396,0.8024097084999084,0.5136288404464722,0.7894511222839355,0.45148515701293945,0.766010046005249,0.4540749490261078,0.7542634010314941,0.4608097970485687,0.8190802335739136,0.5214746594429016,0.8012419939041138,0.4771059453487396,0.7812024354934692,0.4793233871459961,0.7706752419471741,0.48810237646102905,2
0.8004940748214722,0.6509215235710144,0.7192900776863098,0.621652364730835,0.692092776298523,0.5629242062568665,0.7074111104011536,0.5166418552398682,0.7319246530532837,0.49419015645980835,0.7271479368209839,0.514378011226654,0.7007470726966858,0.43835973739624023,0.6867787837982178,0.3961424231529236,0.6786543726921082,0.36043521761894226,0.7746111154556274,0.5066424012184143,0.7908895015716553,0.4259711503982544,0.8012768030166626,0.37682223320007324,0.8128761649131775,0.34109586477279663,0.8030892014503479,0.5113550424575806,0.7883819341659546,0.4511210322380066,0.7662484645843506,0.45697706937789917,0.7569651007652283,0.46629971265792847,0.8194614052772522,0.5185679793357849,0.8016523718833923,0.47367045283317566,0.7835783362388611,0.47890520095825195,0.7765566110610962,0.49220505356788635,2
0.8002256751060486,0.6498081088066101,0.7203318476676941,0.6223623156547546,0.691573441028595,0.5621975660324097,0.7087684869766235,0.5160641074180603,0.7384360432624817,0.49861618876457214,0.7277536392211914,0.5172849297523499,0.7031184434890747,0.43838760256767273,0.6898869872093201,0.3951832950115204,0.6812894344329834,0.36012062430381775,0.775378406047821,0.5068444609642029,0.7910914421081543,0.4261636435985565,0.8009223937988281,0.37651562690734863,0.8128042221069336,0.3408999443054199,0.8055127263069153,0.5113317966461182,0.7929408550262451,0.44961726665496826,0.7699786424636841,0.45386528968811035,0.7598252892494202,0.4671732485294342,0.8217899203300476,0.518965482711792,0.8027567863464355,0.4722934663295746,0.7814693450927734,0.47789639234542847,0.7737748622894287,0.4928700625896454,2
0.8006604909896851,0.6492786407470703,0.7196551561355591,0.6216797828674316,0.6901950240135193,0.5628272294998169,0.7080100178718567,0.5150186419487,0.7376767992973328,0.49206462502479553,0.7288784980773926,0.5144674181938171,0.702399492263794,0.4359360933303833,0.6892046928405762,0.3946034610271454,0.6815382242202759,0.3596703112125397,0.7770446538925171,0.5055643916130066,0.7915866374969482,0.42485591769218445,0.8010218739509583,0.3777218759059906,0.8123812079429626,0.34321707487106323,0.8055356740951538,0.5093668103218079,0.791075587272644,0.4483680725097656,0.7679683566093445,0.452828049659729,0.7566192746162415,0.46179941296577454,0.8221359252929688,0.516040027141571,0.8066074252128601,0.4691821336746216,0.7892287969589233,0.4700038731098175,0.7821255326271057,0.4802200496196747,2
0.8052586317062378,0.6463300585746765,0.7228546142578125,0.6238369941711426,0.6907781958580017,0.5703299641609192,0.6951310634613037,0.5244629383087158,0.7088449001312256,0.4951304495334625,0.7237117290496826,0.5084853768348694,0.6984508037567139,0.4344967305660248,0.6867533922195435,0.3910520672798157,0.6806247234344482,0.35621559619903564,0.7642520666122437,0.5032026171684265,0.7783907651901245,0.4242335259914398,0.7879979014396667,0.3772825002670288,0.7977672219276428,0.3428744673728943,0.7864897847175598,0.5062668919563293,0.7679362297058105,0.4558417797088623,0.7498622536659241,0.46126312017440796,0.7431925535202026,0.4647470712661743,0.7998992800712585,0.5092780590057373,0.7808260917663574,0.47947102785110474,0.7659515142440796,0.483131468296051,0.7568385004997253,0.4891672730445862,2
0.8093405961990356,0.6554315090179443,0.7224853038787842,0.6310331225395203,0.6833788156509399,0.5699970722198486,0.6859779357910156,0.5210850834846497,0.7114563584327698,0.4985446333885193,0.7407968640327454,0.5121060013771057,0.7104357481002808,0.43199852108955383,0.6988736987113953,0.3888295292854309,0.6936528086662292,0.35244083404541016,0.7810499668121338,0.5042452216148376,0.7843366265296936,0.4196285903453827,0.7842645645141602,0.36675575375556946,0.7887750864028931,0.32991522550582886,0.7991921901702881,0.5108592510223389,0.7541378140449524,0.4748013913631439,0.7278859615325928,0.49633634090423584,0.7212868928909302,0.5156991481781006,0.805267333984375,0.5213402509689331,0.7666447758674622,0.5019664168357849,0.747871458530426,0.5165114998817444,0.7429454922676086,0.5365236401557922,2
0.8203095197677612,0.6584662199020386,0.7367072701454163,0.637308657169342,0.6951575875282288,0.5745201110839844,0.6924969553947449,0.5224303007125854,0.7193419933319092,0.49935171008110046,0.7592520117759705,0.5190345644950867,0.7285393476486206,0.44447603821754456,0.7152377367019653,0.40236490964889526,0.7086787819862366,0.3651679456233978,0.7961195707321167,0.5122572779655457,0.7945679426193237,0.4281231164932251,0.7921767234802246,0.37544092535972595,0.7941458225250244,0.3362826108932495,0.8107619881629944,0.5176059007644653,0.7612107992172241,0.4811042249202728,0.7358682751655579,0.5100076794624329,0.7304872274398804,0.5321832299232483,0.8152710795402527,0.5264754295349121,0.7724846601486206,0.5064511299133301,0.7547438144683838,0.5243732333183289,0.7509029507637024,0.5470355749130249,2
0.8225709199905396,0.6622796058654785,0.7382286190986633,0.6414612531661987,0.6994034647941589,0.5794601440429688,0.6939008831977844,0.5274355411529541,0.7183058261871338,0.5020883083343506,0.7619825601577759,0.5219681859016418,0.7313332557678223,0.44817692041397095,0.7176592946052551,0.40503066778182983,0.7116609811782837,0.3672519326210022,0.798708438873291,0.5173091888427734,0.7965514063835144,0.4319295883178711,0.7935136556625366,0.3784511685371399,0.7942601442337036,0.3398894667625427,0.8130345344543457,0.5233173966407776,0.7670291662216187,0.48267239332199097,0.7381274104118347,0.507116436958313,0.7283945679664612,0.5260896682739258,0.8176233172416687,0.532134473323822,0.7780562043190002,0.5091233253479004,0.7580568790435791,0.5237095952033997,0.749846875667572,0.5447961688041687,2
0.8215193152427673,0.6598815321922302,0.7387740612030029,0.6401232481002808,0.6983601450920105,0.5785120725631714,0.6953833699226379,0.5256754159927368,0.7205857038497925,0.5005490183830261,0.7605624794960022,0.5194326043128967,0.7286529541015625,0.4465651512145996,0.7139906883239746,0.4050993025302887,0.7060847282409668,0.36884409189224243,0.798735499382019,0.5140054821968079,0.7973141670227051,0.4305555820465088,0.7943805456161499,0.3772304058074951,0.7961937785148621,0.33881354331970215,0.8144173622131348,0.5207207798957825,0.7692676186561584,0.48282545804977417,0.7388496398925781,0.5065043568611145,0.728591799736023,0.5257198810577393,0.8191689848899841,0.529930591583252,0.7800941467285156,0.5082600116729736,0.7588146328926086,0.5226923823356628,0.7509470582008362,0.5434374213218689,2
0.8195741176605225,0.6611941456794739,0.7380154728889465,0.6455861926078796,0.6960408091545105,0.5833540558815002,0.6898167729377747,0.5279093384742737,0.7168315649032593,0.5031505227088928,0.7589197158813477,0.5226602554321289,0.7283005714416504,0.44946494698524475,0.7141079306602478,0.4072778522968292,0.7080099582672119,0.37037262320518494,0.7958739995956421,0.5162147879600525,0.7923969626426697,0.43538451194763184,0.7883808612823486,0.3826894164085388,0.7903250455856323,0.345406711101532,0.8097503185272217,0.5222793817520142,0.7620231509208679,0.48545339703559875,0.7316263914108276,0.5076895356178284,0.7215287685394287,0.5262731909751892,0.8128169178962708,0.5312801003456116,0.7707959413528442,0.5095897912979126,0.7521258592605591,0.5231108069419861,0.745661199092865,0.5437414050102234,2
0.8247319459915161,0.6622340083122253,0.7416127920150757,0.6473420262336731,0.6983938217163086,0.5878757238388062,0.688755214214325,0.5333285927772522,0.7100604176521301,0.5038992762565613,0.7608880400657654,0.5293328166007996,0.7307901382446289,0.45608067512512207,0.7161979079246521,0.4124009609222412,0.7082921266555786,0.3740438222885132,0.7978569269180298,0.5196213722229004,0.7914056181907654,0.43550193309783936,0.7869459986686707,0.38257473707199097,0.7866089940071106,0.3435758054256439,0.8130660057067871,0.5219694972038269,0.7652456164360046,0.4800601005554199,0.73516845703125,0.49953824281692505,0.7240907549858093,0.5173050165176392,0.816640317440033,0.5290066599845886,0.7750465869903564,0.5048398375511169,0.7548428773880005,0.5169785022735596,0.7469627857208252,0.5356201529502869,2
0.9077085852622986,0.6522899270057678,0.8220306038856506,0.6339508891105652,0.7705091238021851,0.5752806067466736,0.7637648582458496,0.5241419672966003,0.7841870784759521,0.495990514755249,0.8380894064903259,0.5137453079223633,0.8111448884010315,0.4364675283432007,0.7976815700531006,0.3924628794193268,0.7901363372802734,0.35499000549316406,0.8779893517494202,0.5013704299926758,0.8744638562202454,0.41785189509391785,0.8696721196174622,0.3666672706604004,0.8696774840354919,0.32808801531791687,0.8981421589851379,0.5056989192962646,0.8578103184700012,0.46649518609046936,0.8271300792694092,0.47902318835258484,0.8147476315498352,0.4954281449317932,0.9017038345336914,0.5154927372932434,0.8630455136299133,0.49088698625564575,0.8390794396400452,0.5000638961791992,0.8296085596084595,0.515370786190033,2
0.9962736964225769,0.6515107750892639,0.913537859916687,0.6352962255477905,0.8623340725898743,0.576323390007019,0.8469072580337524,0.5160427689552307,0.8760784864425659,0.4881526827812195,0.9332301020622253,0.5201120376586914,0.8994476795196533,0.4363155961036682,0.8854560852050781,0.3871234655380249,0.8803033828735352,0.34666311740875244,0.9756507873535156,0.50333172082901,0.9724599719047546,0.41365596652030945,0.9689957499504089,0.35274258255958557,0.9700261354446411,0.3080137372016907,0.9987026453018188,0.503326416015625,0.9817724227905273,0.4417101740837097,0.9637672305107117,0.4149046838283539,0.9556370973587036,0.40121087431907654,1.0044867992401123,0.5107374787330627,0.9885472059249878,0.4725329279899597,0.9718843698501587,0.4576430916786194,0.96044921875,0.45183438062667847,2
0.980167031288147,0.6525384783744812,0.8952211737632751,0.6345285177230835,0.8475273847579956,0.5772618651390076,0.8342198133468628,0.5205146670341492,0.8575096130371094,0.49252936244010925,0.9145322442054749,0.5113966464996338,0.8841837644577026,0.43189698457717896,0.8707594871520996,0.38691580295562744,0.8653090000152588,0.3499225974082947,0.9547752141952515,0.4999293088912964,0.9538512229919434,0.411508172750473,0.9507920145988464,0.3541233539581299,0.9524927139282227,0.3133477568626404,0.9743595719337463,0.5034174919128418,0.9367049336433411,0.4591144621372223,0.903008759021759,0.4677116870880127,0.8863892555236816,0.4813632667064667,0.9793190360069275,0.5128241777420044,0.9430716037750244,0.48529252409935,0.9186059236526489,0.4903862774372101,0.9045450091362,0.5049446821212769,2
0.9733095765113831,0.6569221615791321,0.8882208466529846,0.6454716324806213,0.8328274488449097,0.584105372428894,0.8184642791748047,0.5217093825340271,0.8434573411941528,0.49105972051620483,0.9033511877059937,0.5188419818878174,0.8725957274436951,0.43563562631607056,0.8577277660369873,0.39021390676498413,0.8506268858909607,0.3513360023498535,0.9438886642456055,0.504207193851471,0.9383280277252197,0.4141117334365845,0.9337337017059326,0.35849878191947937,0.9341241717338562,0.3164176940917969,0.9629029035568237,0.5055624842643738,0.9192144870758057,0.4593026041984558,0.8858262300491333,0.4709896147251129,0.8699259161949158,0.4881763160228729,0.9662783145904541,0.5148981213569641,0.924575924873352,0.4864208996295929,0.8999617695808411,0.49387580156326294,0.8873229622840881,0.5102947354316711,2
0.9755796790122986,0.6591418981552124,0.890396237373352,0.6440679430961609,0.8383541107177734,0.577802300453186,0.8197764754295349,0.51714026927948,0.8436130285263062,0.4878859519958496,0.9080209732055664,0.5154443979263306,0.873896598815918,0.43510907888412476,0.8605589270591736,0.39001989364624023,0.855037271976471,0.3510439395904541,0.9465891122817993,0.5030041933059692,0.9402561187744141,0.416424959897995,0.9382156133651733,0.3591917157173157,0.9403567314147949,0.31711962819099426,0.9635037779808044,0.5054280161857605,0.910345196723938,0.4669153690338135,0.8756476044654846,0.4853851795196533,0.8618882298469543,0.5067703127861023,0.9671484231948853,0.5137766003608704,0.9229226112365723,0.4938960671424866,0.8971911668777466,0.507563054561615,0.8871614336967468,0.526909351348877,2
0.9805197715759277,0.656040370464325,0.8921728134155273,0.6400425434112549,0.8433772921562195,0.576865553855896,0.824752151966095,0.5189357399940491,0.8530964255332947,0.49224284291267395,0.914189338684082,0.5143904685974121,0.8790951371192932,0.434321790933609,0.8666201829910278,0.38920843601226807,0.8620316982269287,0.3516080379486084,0.9545999765396118,0.5016100406646729,0.9498079419136047,0.4150053560733795,0.9483588933944702,0.35727643966674805,0.9515188932418823,0.3168373107910156,0.9723801016807556,0.5040779709815979,0.9268916845321655,0.4574788808822632,0.891683042049408,0.46984267234802246,0.8754709959030151,0.4862551987171173,0.9752489924430847,0.5124653577804565,0.9360227584838867,0.483428031206131,0.9078201651573181,0.48927322030067444,0.8940220475196838,0.5042966604232788,2
0.9754462838172913,0.6543868184089661,0.8878934383392334,0.6378152370452881,0.840966522693634,0.5734854936599731,0.8279392719268799,0.5157427787780762,0.8528298139572144,0.48791956901550293,0.9061994552612305,0.5083927512168884,0.8760625720024109,0.4321749806404114,0.8632107973098755,0.3876838982105255,0.8584951758384705,0.3492211699485779,0.947947084903717,0.49924132227897644,0.9444677233695984,0.4132401943206787,0.9426150918006897,0.35893142223358154,0.9446660876274109,0.31807956099510193,0.9663220047950745,0.5025454759597778,0.9147515296936035,0.4586407542228699,0.8819210529327393,0.4824327528476715,0.8691237568855286,0.5047778487205505,0.9732431173324585,0.511913537979126,0.9303971529006958,0.487285852432251,0.9063690900802612,0.49982622265815735,0.8958334922790527,0.521222710609436,2
0.9714555740356445,0.6552989482879639,0.8860995173454285,0.6395944952964783,0.8334309458732605,0.5774869322776794,0.818037748336792,0.5183404088020325,0.84306401014328,0.4894680380821228,0.8978394269943237,0.5110360383987427,0.8685916662216187,0.43223562836647034,0.8557729721069336,0.38667452335357666,0.8505020141601562,0.34855371713638306,0.939231812953949,0.5006656646728516,0.9351468682289124,0.4131218194961548,0.9304766654968262,0.3571491241455078,0.9308534264564514,0.31659382581710815,0.9594113230705261,0.5052710175514221,0.9162874817848206,0.4602273106575012,0.8824706077575684,0.47252702713012695,0.8664382696151733,0.48827093839645386,0.9650334715843201,0.5150414109230042,0.9251400232315063,0.4861169755458832,0.9013924598693848,0.4930003881454468,0.8890214562416077,0.5088545083999634,2
0.967613935470581,0.65625,0.880771279335022,0.6387267708778381,0.828193187713623,0.5722596049308777,0.8151520490646362,0.5149028897285461,0.8408167362213135,0.4871397614479065,0.8978393077850342,0.5118140578269958,0.8637152314186096,0.43291422724723816,0.8498703837394714,0.388299822807312,0.8440406322479248,0.34936773777008057,0.9391167163848877,0.5009891986846924,0.9308434724807739,0.41407209634780884,0.9280458092689514,0.3598330020904541,0.930533230304718,0.3193451166152954,0.9564042091369629,0.5040282011032104,0.9003683924674988,0.4600442945957184,0.8675084710121155,0.481391966342926,0.8566251993179321,0.5050045251846313,0.9600431323051453,0.5135703682899475,0.9137178063392639,0.4890235662460327,0.8897013664245605,0.5012916922569275,0.8819218873977661,0.5227668285369873,2
0.9575442671775818,0.6540910005569458,0.8721680045127869,0.6359988451004028,0.8241569399833679,0.5699301362037659,0.8126795291900635,0.5118221044540405,0.8393754363059998,0.4855552017688751,0.8890538215637207,0.506632387638092,0.8580977916717529,0.42784109711647034,0.8435028791427612,0.38239824771881104,0.8376628756523132,0.34416812658309937,0.9309052228927612,0.4978391230106354,0.9272094964981079,0.4117712378501892,0.9246660470962524,0.3567041754722595,0.9267579317092896,0.31723058223724365,0.9498565793037415,0.5030736327171326,0.9047677516937256,0.4578893482685089,0.8719531893730164,0.4715668261051178,0.857437252998352,0.4880569577217102,0.9544695615768433,0.5140320062637329,0.9129765629768372,0.4871133863925934,0.8904771208763123,0.4953176975250244,0.8799018263816833,0.5127545595169067,2
0.9515848755836487,0.6550408601760864,0.8641342520713806,0.6372656226158142,0.8136813640594482,0.5745760798454285,0.80224609375,0.5165225863456726,0.827226459980011,0.4878450632095337,0.87702876329422,0.5117297172546387,0.8460299968719482,0.42947134375572205,0.8310030698776245,0.3837968707084656,0.8243351578712463,0.3444051742553711,0.9179883003234863,0.5018040537834167,0.9143083095550537,0.4145444333553314,0.9115780591964722,0.35909295082092285,0.914078950881958,0.31866341829299927,0.9377298355102539,0.5064423084259033,0.8941823840141296,0.462466299533844,0.861129879951477,0.4744093120098114,0.846175491809845,0.48921480774879456,0.9426888227462769,0.5157789587974548,0.9020478129386902,0.48828816413879395,0.8785909414291382,0.4948783218860626,0.8667997121810913,0.5103768110275269,2
0.9413339495658875,0.6551486253738403,0.8534793257713318,0.6344011425971985,0.8064810037612915,0.567043662071228,0.8018865585327148,0.5130517482757568,0.8295742273330688,0.4891001880168915,0.8731570243835449,0.5017663240432739,0.8395642042160034,0.42488420009613037,0.8258221745491028,0.3826444447040558,0.8210029006004333,0.3456859886646271,0.9152979254722595,0.49735698103904724,0.910186767578125,0.41230684518814087,0.9074945449829102,0.3593185544013977,0.9111990332603455,0.32044610381126404,0.9330890774726868,0.5065667629241943,0.878434419631958,0.4716804325580597,0.8457807898521423,0.49849531054496765,0.8359428644180298,0.5225120186805725,0.938275933265686,0.5191012024879456,0.8923373818397522,0.5021320581436157,0.8699671626091003,0.5163042545318604,0.8627759218215942,0.5380949378013611,2
0.9314053654670715,0.6569716930389404,0.8434605002403259,0.6356836557388306,0.799870491027832,0.5737432837486267,0.7921233773231506,0.5198425054550171,0.8170357346534729,0.4913434684276581,0.8561705946922302,0.5051905512809753,0.8283102512359619,0.42889463901519775,0.8151047229766846,0.38542723655700684,0.8097917437553406,0.3480832576751709,0.8972923159599304,0.5016138553619385,0.8957703113555908,0.41312605142593384,0.8939657807350159,0.3591059446334839,0.8958863615989685,0.320586621761322,0.9158944487571716,0.5089897513389587,0.872280478477478,0.4652371406555176,0.8414864540100098,0.48389932513237,0.8289542198181152,0.4988364577293396,0.9230393171310425,0.5185188055038452,0.8811241388320923,0.49318358302116394,0.859429657459259,0.5031810402870178,0.8484587073326111,0.5200172662734985,2
0.8953072428703308,0.6509164571762085,0.8065449595451355,0.6285805106163025,0.7649741172790527,0.5632168650627136,0.7658104300498962,0.5113206505775452,0.7946654558181763,0.48692429065704346,0.8232684135437012,0.501895546913147,0.7904049754142761,0.4252619743347168,0.7766872644424438,0.3826485276222229,0.7714526653289795,0.3450835347175598,0.866001307964325,0.4996451735496521,0.8658435344696045,0.41438889503479004,0.8666810393333435,0.36104974150657654,0.8717328906059265,0.321592777967453,0.8835956454277039,0.5072802901268005,0.8345417976379395,0.4668380618095398,0.805395245552063,0.49495649337768555,0.79591304063797,0.5148174166679382,0.8905491232872009,0.5160275101661682,0.8485897779464722,0.49682584404945374,0.8287837505340576,0.5103689432144165,0.8194118738174438,0.5292263031005859,2
0.8903103470802307,0.6526587605476379,0.802970290184021,0.6305825710296631,0.7599647045135498,0.5665356516838074,0.7561070919036865,0.5143539309501648,0.7842385768890381,0.48951926827430725,0.8227776885032654,0.5071101188659668,0.7869362235069275,0.4315406382083893,0.7716899514198303,0.3884126842021942,0.7648754715919495,0.35009920597076416,0.8620094060897827,0.5021091103553772,0.8596253395080566,0.41671621799468994,0.8596251010894775,0.36300963163375854,0.8634744882583618,0.32387006282806396,0.877600371837616,0.5079495906829834,0.8279489874839783,0.4708285629749298,0.7969554662704468,0.4979129433631897,0.7870177030563354,0.5189750790596008,0.882343053817749,0.5159541368484497,0.8408005833625793,0.49928775429725647,0.8199564218521118,0.5152333974838257,0.8121480345726013,0.5366979837417603,2
0.8820136189460754,0.6518715023994446,0.7948855757713318,0.6311092376708984,0.7516875267028809,0.5671898126602173,0.7539949417114258,0.5122824311256409,0.7811406850814819,0.48762041330337524,0.8157973289489746,0.5110058188438416,0.7806171774864197,0.4328547716140747,0.7652865052223206,0.38945621252059937,0.7575454711914062,0.35140809416770935,0.8581892251968384,0.5015217065811157,0.8529794812202454,0.4150177240371704,0.8489416837692261,0.36232703924179077,0.8504868745803833,0.3231073319911957,0.8760857582092285,0.5062021613121033,0.827115535736084,0.4661692678928375,0.7966890931129456,0.4857058823108673,0.7861368060112,0.5048342943191528,0.879951000213623,0.5158703327178955,0.8373765349388123,0.4938758611679077,0.8152119517326355,0.5061935186386108,0.8055142164230347,0.5259475111961365,2
0.8773479461669922,0.6529026031494141,0.7917655110359192,0.6312616467475891,0.7476390600204468,0.5680381655693054,0.7450177669525146,0.5132601261138916,0.772071361541748,0.4877334237098694,0.8114142417907715,0.5113609433174133,0.7759762406349182,0.4346320629119873,0.7598879337310791,0.3922046422958374,0.7515836358070374,0.35418909788131714,0.8521949052810669,0.5028416514396667,0.8461522459983826,0.4168243110179901,0.8419182300567627,0.36279189586639404,0.8435246348381042,0.32175034284591675,0.8690505623817444,0.508510172367096,0.8179861903190613,0.47045883536338806,0.7870253324508667,0.4934699833393097,0.7767477035522461,0.5146259069442749,0.8727791905403137,0.5185744762420654,0.8287252187728882,0.4974750876426697,0.8070639967918396,0.5112918615341187,0.7987743020057678,0.532587468624115,2
0.8744077086448669,0.654412031173706,0.7965158224105835,0.642388105392456,0.7469583749771118,0.591224193572998,0.7290433049201965,0.5523844957351685,0.7349857091903687,0.5358489155769348,0.8071233034133911,0.5154977440834045,0.7726615071296692,0.4424869418144226,0.755004346370697,0.3994378447532654,0.7478408813476562,0.3622879385948181,0.8397809267044067,0.5060073137283325,0.8286040425300598,0.42356252670288086,0.8188730478286743,0.37039828300476074,0.8180779218673706,0.3310551643371582,0.8539080023765564,0.5098555088043213,0.8054631352424622,0.47529786825180054,0.7701764106750488,0.49410220980644226,0.7561456561088562,0.5127838253974915,0.8575944304466248,0.5190229415893555,0.814179539680481,0.5029804706573486,0.7917753458023071,0.5160530805587769,0.781265914440155,0.5342831015586853,2
0.8683987855911255,0.6472723484039307,0.7905422449111938,0.6355038285255432,0.7450041770935059,0.5790204405784607,0.7273802757263184,0.5278427004814148,0.74010169506073,0.4950471520423889,0.8008540868759155,0.505519688129425,0.7703820466995239,0.43613123893737793,0.7540976405143738,0.39653313159942627,0.7474724054336548,0.3621385097503662,0.8328807950019836,0.49740070104599,0.823589563369751,0.41728919744491577,0.8139846920967102,0.3677169680595398,0.8103317022323608,0.3324142396450043,0.8464667797088623,0.5016651153564453,0.8088380694389343,0.4601057171821594,0.7743995189666748,0.4685681462287903,0.7560002207756042,0.47680413722991943,0.8517289757728577,0.5099274516105652,0.8149976134300232,0.4879189431667328,0.7933921217918396,0.4927974343299866,0.7796815633773804,0.5028730034828186,2
0.8675206899642944,0.6483807563781738,0.7882595658302307,0.6368201375007629,0.740646243095398,0.5766391158103943,0.723376452922821,0.5202683806419373,0.7448376417160034,0.49120935797691345,0.801093339920044,0.5101028680801392,0.7703845500946045,0.4393983781337738,0.7539640665054321,0.39748549461364746,0.7467331886291504,0.36224764585494995,0.8314436674118042,0.5005879998207092,0.8226839900016785,0.42067936062812805,0.8123058080673218,0.3688475489616394,0.8093551397323608,0.33314064145088196,0.8428626656532288,0.5038549900054932,0.8005189895629883,0.4627513587474823,0.7660362124443054,0.47781893610954285,0.7483628988265991,0.4911634624004364,0.8467923402786255,0.5119298696517944,0.8073204755783081,0.49181848764419556,0.7866039276123047,0.4996969699859619,0.773141086101532,0.5134198069572449,2
0.8694297075271606,0.6485416889190674,0.787166178226471,0.6329734921455383,0.7418484687805176,0.5717200040817261,0.7251842021942139,0.5157025456428528,0.7479268312454224,0.48701411485671997,0.8013818264007568,0.5071563720703125,0.7687329053878784,0.42994505167007446,0.7520885467529297,0.3864258825778961,0.7462396621704102,0.3495803475379944,0.8366696834564209,0.4978703558444977,0.8307885527610779,0.4166562557220459,0.824882447719574,0.36180663108825684,0.8267560601234436,0.3252221941947937,0.8514121174812317,0.5021307468414307,0.8122351765632629,0.4571426212787628,0.7783944606781006,0.46802687644958496,0.7606024146080017,0.4796462953090668,0.8545381426811218,0.5103721022605896,0.8181600570678711,0.4873811900615692,0.7945512533187866,0.493659645318985,0.7800909280776978,0.5085103511810303,2
0.8693812489509583,0.6504641771316528,0.7798848152160645,0.6263095736503601,0.7425093650817871,0.5620571970939636,0.7452312111854553,0.5119457840919495,0.7738111019134521,0.4902843236923218,0.8014945983886719,0.4995259642601013,0.7704179286956787,0.4230091869831085,0.7562776803970337,0.37946832180023193,0.749498724937439,0.34170886874198914,0.8459343910217285,0.49849799275398254,0.8469191193580627,0.41265901923179626,0.8482898473739624,0.36077865958213806,0.8533152341842651,0.3230288624763489,0.8646562099456787,0.5071256756782532,0.8201203346252441,0.4661620259284973,0.7897405624389648,0.4897231161594391,0.7805677056312561,0.508623480796814,0.8704831004142761,0.517313539981842,0.83202064037323,0.4945686459541321,0.8110805749893188,0.5086049437522888,0.8036687970161438,0.5307685732841492,2
0.8816774487495422,0.6531788110733032,0.7903555631637573,0.6315455436706543,0.7444512844085693,0.5684915781021118,0.7464235424995422,0.5153316259384155,0.7736616730690002,0.4918345510959625,0.8036459684371948,0.5104243159294128,0.7687746286392212,0.42676877975463867,0.7538811564445496,0.38155877590179443,0.7451627254486084,0.3442000150680542,0.8478808999061584,0.49926578998565674,0.8525649309158325,0.4118037819862366,0.8555589318275452,0.3566681444644928,0.8623068928718567,0.3184323310852051,0.8676374554634094,0.5034851431846619,0.8245092630386353,0.46120238304138184,0.7962942123413086,0.4774756133556366,0.7874180674552917,0.4951147735118866,0.8740196228027344,0.5126871466636658,0.8352025747299194,0.4903739094734192,0.814394474029541,0.5031772255897522,0.8071732521057129,0.5215498805046082,2
0.8784488439559937,0.6466542482376099,0.7903090119361877,0.6301972270011902,0.7493520379066467,0.5719625949859619,0.7484510540962219,0.5229978561401367,0.7667704820632935,0.49724310636520386,0.7935130000114441,0.5074289441108704,0.7601302862167358,0.42236703634262085,0.7455947995185852,0.3775084316730499,0.7372222542762756,0.3405840992927551,0.8362705707550049,0.49482062458992004,0.8452403545379639,0.4078427255153656,0.8555136919021606,0.35679566860198975,0.8665871024131775,0.3195018172264099,0.8601840138435364,0.49552446603775024,0.8257958292961121,0.4490858316421509,0.80243319272995,0.46302956342697144,0.7966408133506775,0.4767087697982788,0.8710514903068542,0.5017968416213989,0.8398420810699463,0.47722357511520386,0.8209466934204102,0.48665839433670044,0.815130352973938,0.5013118982315063,2
0.8737306594848633,0.644762396812439,0.7846267819404602,0.6229343414306641,0.7479252815246582,0.5622312426567078,0.7550303339958191,0.5116276741027832,0.7762414813041687,0.486942321062088,0.7851146459579468,0.5019421577453613,0.752802312374115,0.42209938168525696,0.7392584681510925,0.3777661919593811,0.7309457659721375,0.3411950469017029,0.8328741788864136,0.48847290873527527,0.843971312046051,0.40377843379974365,0.8531646728515625,0.35082533955574036,0.8638559579849243,0.31438738107681274,0.8629855513572693,0.49326035380363464,0.8352155089378357,0.43991732597351074,0.8118832111358643,0.43937936425209045,0.805531919002533,0.44496268033981323,0.8782460689544678,0.5035797357559204,0.8456992506980896,0.4733656942844391,0.8213578462600708,0.4813791513442993,0.811772882938385,0.49378979206085205,2
0.8652052879333496,0.6406223773956299,0.7778440117835999,0.6169289350509644,0.7456477284431458,0.5569847822189331,0.7604005932807922,0.5056747794151306,0.7882210612297058,0.47800177335739136,0.7808515429496765,0.5001940131187439,0.7475181221961975,0.42652538418769836,0.7321933507919312,0.3855988085269928,0.723416268825531,0.350480854511261,0.8295028209686279,0.4903068542480469,0.8366762399673462,0.4050075113773346,0.8439841866493225,0.3553292751312256,0.8543886542320251,0.3190575838088989,0.8599790334701538,0.49518918991088867,0.8427681922912598,0.43105775117874146,0.8174352645874023,0.43030521273612976,0.8059993982315063,0.43475019931793213,0.8769382834434509,0.5041704177856445,0.8539344668388367,0.4602668583393097,0.8309991359710693,0.46347132325172424,0.8209028840065002,0.47501152753829956,2
0.862372100353241,0.634703516960144,0.7744602560997009,0.6088045239448547,0.7465848326683044,0.5503547787666321,0.7586105465888977,0.5033090114593506,0.7814068794250488,0.4732278287410736,0.7731626033782959,0.4920682907104492,0.7398337721824646,0.4223887622356415,0.7223218083381653,0.38268908858299255,0.7143247723579407,0.3477649688720703,0.8235614895820618,0.48688775300979614,0.8295121192932129,0.40398913621902466,0.8349827527999878,0.3529801368713379,0.8444504737854004,0.3155891001224518,0.854560911655426,0.49257442355155945,0.8326892256736755,0.42560848593711853,0.809917151927948,0.432549387216568,0.8002181053161621,0.43939563632011414,0.8735535144805908,0.4997265636920929,0.8477269411087036,0.4499259293079376,0.8297257423400879,0.4553035497665405,0.8224951028823853,0.4688832461833954,2
0.8333946466445923,0.6136174201965332,0.7529179453849792,0.5888580679893494,0.724437415599823,0.5380546450614929,0.7241845726966858,0.4913187026977539,0.7293156981468201,0.45683127641677856,0.7431660890579224,0.4790070652961731,0.7139352560043335,0.4116097688674927,0.6998116970062256,0.37186333537101746,0.6934735774993896,0.34006819128990173,0.7894923686981201,0.46992483735084534,0.7983501553535461,0.39181700348854065,0.8037912845611572,0.3439618945121765,0.8111277222633362,0.31253084540367126,0.820375919342041,0.4721704125404358,0.8053310513496399,0.420437216758728,0.7859455943107605,0.4256824254989624,0.7761732339859009,0.431100994348526,0.8404621481895447,0.4774082899093628,0.8214205503463745,0.44046396017074585,0.8069369792938232,0.44289708137512207,0.7980734705924988,0.450682133436203,2
0.8284046649932861,0.6199910640716553,0.748167872428894,0.5907453298568726,0.7225879430770874,0.5369031429290771,0.7285849452018738,0.4908153712749481,0.7439464330673218,0.45896655321121216,0.7402231693267822,0.47949036955833435,0.712018609046936,0.4106598496437073,0.6990236639976501,0.3724187910556793,0.692305326461792,0.3412325382232666,0.7873207330703735,0.47368043661117554,0.7969316840171814,0.39437609910964966,0.8039825558662415,0.3492608666419983,0.8115832209587097,0.3193836212158203,0.8206844329833984,0.47894325852394104,0.8075522780418396,0.4259377717971802,0.7876647114753723,0.43520238995552063,0.7778159379959106,0.4454387426376343,0.8418254852294922,0.48564720153808594,0.8263342380523682,0.44985342025756836,0.8124508857727051,0.4573824405670166,0.8071503639221191,0.46887344121932983,2
0.828576922416687,0.6127293109893799,0.7461246848106384,0.5854003429412842,0.7229821681976318,0.5338016748428345,0.7315934896469116,0.49112531542778015,0.745151937007904,0.46146583557128906,0.7380810976028442,0.4715818464756012,0.7124187350273132,0.41189074516296387,0.6982315182685852,0.3751617968082428,0.6922564506530762,0.3472180962562561,0.78392493724823,0.4694552719593048,0.794627845287323,0.3979489803314209,0.8001223206520081,0.35642480850219727,0.8072001338005066,0.327107310295105,0.8159692287445068,0.47570133209228516,0.8048073053359985,0.4276449978351593,0.7855997085571289,0.4360906779766083,0.7749937176704407,0.4441644549369812,0.8359134197235107,0.4800322353839874,0.8182228803634644,0.45150721073150635,0.803872287273407,0.4593234360218048,0.7955620884895325,0.47026681900024414,2
0.8333873152732849,0.6125567555427551,0.7496545910835266,0.5908665657043457,0.7230596542358398,0.5403016209602356,0.7310783267021179,0.4977424442768097,0.7472476959228516,0.46934404969215393,0.7449715733528137,0.48039937019348145,0.7137793898582458,0.4163924753665924,0.698256254196167,0.37923169136047363,0.6906579732894897,0.34896600246429443,0.7892255783081055,0.4724058508872986,0.7967569231987,0.40026599168777466,0.8038499355316162,0.35865336656570435,0.8125600814819336,0.329403281211853,0.8181396722793579,0.4733768701553345,0.7994059324264526,0.4306796193122864,0.7811764478683472,0.44604161381721497,0.7737095355987549,0.457976371049881,0.836283266544342,0.4748149812221527,0.8171637058258057,0.4515741467475891,0.803640604019165,0.4614314138889313,0.7982463836669922,0.4743707478046417,2
0.8426234126091003,0.6213161945343018,0.7627891302108765,0.6051558256149292,0.7313367128372192,0.5532194375991821,0.7407981157302856,0.5092779994010925,0.7597922086715698,0.48652350902557373,0.7572045922279358,0.4871944189071655,0.7253958582878113,0.419776052236557,0.7104607224464417,0.3835514783859253,0.701291024684906,0.3531428873538971,0.8010284304618835,0.4724214971065521,0.8098500370979309,0.40336573123931885,0.8200678825378418,0.36303889751434326,0.8306612968444824,0.3335530161857605,0.8300953507423401,0.47310981154441833,0.8076247572898865,0.44405168294906616,0.7897157073020935,0.4614505171775818,0.7852157950401306,0.4767398536205292,0.8463506102561951,0.4780336320400238,0.8227516412734985,0.4654017388820648,0.8102603554725647,0.4797692894935608,0.8096177577972412,0.49626272916793823,2
0.8468961119651794,0.6265718936920166,0.7650925517082214,0.6106124520301819,0.7347875237464905,0.5553235411643982,0.7451287508010864,0.5108391642570496,0.7642921209335327,0.4884982109069824,0.7633857131004333,0.49166470766067505,0.7330129742622375,0.4249308109283447,0.7186128497123718,0.3885786533355713,0.7099583148956299,0.35906440019607544,0.8074240684509277,0.47880297899246216,0.8143953084945679,0.40823692083358765,0.8201258182525635,0.36688947677612305,0.8276730179786682,0.33656400442123413,0.8354963064193726,0.4820449948310852,0.8135075569152832,0.4515729546546936,0.7974818348884583,0.47011733055114746,0.7951114773750305,0.48644158244132996,0.8503665328025818,0.48873910307884216,0.8268728852272034,0.47650599479675293,0.8160921931266785,0.49205318093299866,0.8166199922561646,0.5074952244758606,2
0.8514479398727417,0.6270738244056702,0.7676314115524292,0.6100755333900452,0.7355550527572632,0.558714747428894,0.7445985078811646,0.5188758373260498,0.7674087882041931,0.4981216490268707,0.7616111636161804,0.4876132011413574,0.734694242477417,0.4225805997848511,0.7212755084037781,0.3860424757003784,0.7150173187255859,0.3561466634273529,0.8061572909355164,0.478982150554657,0.815470814704895,0.4112308919429779,0.8255784511566162,0.36854538321495056,0.8368340730667114,0.33790844678878784,0.8340961337089539,0.4829849600791931,0.8157392740249634,0.4434348940849304,0.7957839369773865,0.45354583859443665,0.7872985005378723,0.46143996715545654,0.8494594097137451,0.4885844886302948,0.8271613121032715,0.46592193841934204,0.8124635815620422,0.4741014242172241,0.8082857131958008,0.48646166920661926,2
0.8495822548866272,0.6260349750518799,0.7660112977027893,0.6044749021530151,0.7379922866821289,0.5508623719215393,0.7491586208343506,0.5117055773735046,0.7690655589103699,0.48731493949890137,0.7613186240196228,0.48212772607803345,0.73594069480896,0.4169733226299286,0.7244483828544617,0.3799833655357361,0.7199008464813232,0.35023754835128784,0.8073959350585938,0.47920292615890503,0.8158079385757446,0.4064449667930603,0.8234790563583374,0.36549094319343567,0.8321579098701477,0.3349857032299042,0.8372533321380615,0.48667004704475403,0.8190653324127197,0.4428555965423584,0.7999958992004395,0.45943641662597656,0.7927576899528503,0.4720461070537567,0.8551008701324463,0.49312645196914673,0.8330277800559998,0.468466192483902,0.818767786026001,0.4802654981613159,0.8147649765014648,0.49467724561691284,2
0.8520506620407104,0.6328238844871521,0.7677364945411682,0.6127575039863586,0.7363207936286926,0.559303879737854,0.7463245391845703,0.5178081393241882,0.7672571539878845,0.4949902296066284,0.7675164937973022,0.49078458547592163,0.7418469786643982,0.42076098918914795,0.7331443428993225,0.38133180141448975,0.7309072613716125,0.3503396213054657,0.8105775117874146,0.4843634366989136,0.8102452158927917,0.4052569568157196,0.8088228106498718,0.36151939630508423,0.8106763958930969,0.3316535949707031,0.8354532122612,0.48774993419647217,0.8075999021530151,0.4513774812221527,0.7859663367271423,0.4674527645111084,0.7782081961631775,0.4799302816390991,0.8496307134628296,0.4918243885040283,0.820797860622406,0.47291913628578186,0.8058130741119385,0.48437345027923584,0.8006110191345215,0.498831182718277,2
0.8573437333106995,0.6347056031227112,0.7719268202781677,0.6152641177177429,0.7322487831115723,0.5833554267883301,0.7021714448928833,0.5814703702926636,0.6782681941986084,0.5915597081184387,0.7669336795806885,0.4880359470844269,0.7415359020233154,0.4250252842903137,0.73078852891922,0.38504236936569214,0.7271453142166138,0.3564680516719818,0.8098452687263489,0.4878538250923157,0.8146565556526184,0.4105098843574524,0.8169186115264893,0.36661043763160706,0.8218336701393127,0.33467647433280945,0.8398039937019348,0.4990127980709076,0.8214948773384094,0.449268639087677,0.8028624057769775,0.4652448892593384,0.79534512758255,0.4777539372444153,0.8557929396629333,0.5087996125221252,0.8367676734924316,0.4790886640548706,0.8225260376930237,0.48905566334724426,0.8181914687156677,0.501670777797699,2
0.8530516624450684,0.6291614770889282,0.7685002684593201,0.608100175857544,0.7401232123374939,0.5549597144126892,0.7482089400291443,0.5155383348464966,0.7632524967193604,0.4913867712020874,0.7632031440734863,0.48560190200805664,0.7409808039665222,0.4191288948059082,0.7330009341239929,0.38043534755706787,0.7321439981460571,0.3507084250450134,0.8061416149139404,0.48255959153175354,0.8138824701309204,0.4079236090183258,0.8185676336288452,0.3655920922756195,0.8249231576919556,0.3330540359020233,0.8330033421516418,0.4872168302536011,0.8071838617324829,0.4524603486061096,0.7886093258857727,0.47577840089797974,0.7823739051818848,0.4903028905391693,0.8490058183670044,0.48884838819503784,0.8230925798416138,0.4731169641017914,0.8085236549377441,0.4888719916343689,0.802919864654541,0.5047494173049927,2
0.8505071401596069,0.6329964399337769,0.7673690319061279,0.6083443760871887,0.7368754744529724,0.5545917749404907,0.7491911053657532,0.5148105025291443,0.770130455493927,0.49354371428489685,0.7675897479057312,0.4901292026042938,0.7420891523361206,0.4190448522567749,0.7330399751663208,0.3808649480342865,0.7309555411338806,0.35040542483329773,0.8122383952140808,0.48466312885284424,0.8173262476921082,0.40757185220718384,0.8208275437355042,0.3651759922504425,0.826800525188446,0.3352659344673157,0.8394848108291626,0.4908306896686554,0.8174506425857544,0.4490424692630768,0.7959875464439392,0.464229553937912,0.7890077233314514,0.476680725812912,0.8557359576225281,0.498411625623703,0.8311603665351868,0.47518932819366455,0.8150997161865234,0.4867871403694153,0.8108035326004028,0.502703070640564,2
0.8558827638626099,0.6297857761383057,0.7725163698196411,0.610377311706543,0.7408771514892578,0.5564173460006714,0.751935601234436,0.5162707567214966,0.7718155980110168,0.49374398589134216,0.7673436999320984,0.4878043234348297,0.7416857481002808,0.4195290505886078,0.7325277328491211,0.38246873021125793,0.7300617098808289,0.35227179527282715,0.8114056587219238,0.48083606362342834,0.8174421191215515,0.4068424105644226,0.8222668170928955,0.36432361602783203,0.8292783498764038,0.333415150642395,0.8396528363227844,0.4859547019004822,0.8156877160072327,0.45081228017807007,0.7963058948516846,0.4710414409637451,0.790226399898529,0.4854165017604828,0.8559263944625854,0.49137136340141296,0.8306154608726501,0.4767855703830719,0.8164715766906738,0.4926382899284363,0.813451886177063,0.5091493129730225,2
0.8557814955711365,0.6354568004608154,0.7744202017784119,0.6142298579216003,0.7453044652938843,0.561505138874054,0.7540373206138611,0.518245279788971,0.7703612446784973,0.49501097202301025,0.7717711925506592,0.49513697624206543,0.7441256046295166,0.4269748330116272,0.7332513928413391,0.3906231224536896,0.7283090949058533,0.3617541790008545,0.8174533843994141,0.4859870970249176,0.8234254121780396,0.40775683522224426,0.8258689045906067,0.36480847001075745,0.8304774761199951,0.3360292315483093,0.8496497869491577,0.49201497435569763,0.8291662335395813,0.45086953043937683,0.8118348717689514,0.470476895570755,0.8080855011940002,0.48618343472480774,0.8693558573722839,0.5000808835029602,0.8458713889122009,0.48302388191223145,0.8319025039672852,0.4996715784072876,0.8304252624511719,0.5157583951950073,2
0.8533754348754883,0.6411606669425964,0.7724622488021851,0.6158350706100464,0.747069776058197,0.5623379349708557,0.7565380930900574,0.5184280276298523,0.7741169929504395,0.4923146367073059,0.7690370082855225,0.5036361217498779,0.7416524887084961,0.4369870126247406,0.7288731932640076,0.39854907989501953,0.7228187322616577,0.36763766407966614,0.815817654132843,0.4980994760990143,0.8201128840446472,0.416568398475647,0.8225269913673401,0.3704630434513092,0.8284928202629089,0.33826902508735657,0.8478587865829468,0.5037212371826172,0.8324704170227051,0.4468291997909546,0.8133673071861267,0.46082615852355957,0.8073937892913818,0.4745534360408783,0.8692718744277954,0.5100337266921997,0.8510057330131531,0.4703403115272522,0.8360944986343384,0.47790583968162537,0.8327435851097107,0.48938989639282227,2
0.8414151668548584,0.646295428276062,0.7629639506340027,0.6217249631881714,0.7368535399436951,0.5679150223731995,0.7443416118621826,0.5210915207862854,0.7596073150634766,0.4930262863636017,0.7625296711921692,0.5116617679595947,0.7304263114929199,0.44553276896476746,0.7148112058639526,0.4089152216911316,0.7068931460380554,0.37705960869789124,0.805768609046936,0.5033814311027527,0.8085501790046692,0.42271187901496887,0.8109561800956726,0.3760055899620056,0.8182751536369324,0.3420349955558777,0.8365207314491272,0.5088266730308533,0.8236203789710999,0.4522513151168823,0.8060063123703003,0.4689362049102783,0.8011316061019897,0.486557275056839,0.856896162033081,0.5177796483039856,0.842319130897522,0.4765576422214508,0.8290430903434753,0.48696357011795044,0.827112078666687,0.5036067366600037,2
0.8361758589744568,0.6479155421257019,0.7602819800376892,0.6215323209762573,0.7354825735092163,0.5712822675704956,0.7428747415542603,0.5279052257537842,0.7574477791786194,0.5008185505867004,0.7562099099159241,0.5133671164512634,0.7301214337348938,0.44974756240844727,0.7162761092185974,0.4136568307876587,0.7087949514389038,0.3834412693977356,0.8005123138427734,0.5081758499145508,0.805573046207428,0.4317202568054199,0.8102313280105591,0.38797706365585327,0.818574070930481,0.3569091260433197,0.8333725333213806,0.5151631236076355,0.8248151540756226,0.4588484764099121,0.8086484670639038,0.47435900568962097,0.8036933541297913,0.49045422673225403,0.8569546937942505,0.5239845514297485,0.8448120355606079,0.4834386706352234,0.8318524360656738,0.49347928166389465,0.8288726806640625,0.5079333186149597,2
0.8366112112998962,0.647890567779541,0.759894847869873,0.6196713447570801,0.7366970181465149,0.5670661330223083,0.7452443242073059,0.5260220170021057,0.762353777885437,0.49897778034210205,0.7564286589622498,0.5131262540817261,0.7289308309555054,0.44917652010917664,0.7148709893226624,0.4133962392807007,0.7082797884941101,0.38325953483581543,0.8001081943511963,0.5105994939804077,0.8045615553855896,0.4334886968135834,0.8091831207275391,0.3893077075481415,0.8178712725639343,0.3577861785888672,0.8313882946968079,0.5165913701057434,0.8210968375205994,0.4628816246986389,0.8052121996879578,0.48025691509246826,0.7999932169914246,0.4956040680408478,0.8532808423042297,0.5225368142127991,0.8402578830718994,0.4840540289878845,0.8281564712524414,0.4941437542438507,0.82527095079422,0.5082582831382751,2
0.8360401391983032,0.6468985676765442,0.7591856122016907,0.6199241876602173,0.7351506948471069,0.5658079385757446,0.7443603873252869,0.5217989087104797,0.7601613998413086,0.49400657415390015,0.7568216919898987,0.5114035606384277,0.7297670841217041,0.4468436539173126,0.7163205146789551,0.4112606346607208,0.7094069123268127,0.3810599446296692,0.8008054494857788,0.5052179098129272,0.8061403632164001,0.428799033164978,0.8097119331359863,0.3856307864189148,0.8161730766296387,0.35433048009872437,0.8317363262176514,0.5099897980690002,0.8199999928474426,0.45980095863342285,0.8039063811302185,0.476091593503952,0.7985439300537109,0.4901246130466461,0.8521704077720642,0.5170927047729492,0.83689945936203,0.4822767972946167,0.8247731328010559,0.4920676648616791,0.8221524953842163,0.5054927468299866,2
0.8473557233810425,0.6405316591262817,0.766646683216095,0.6125433444976807,0.741369366645813,0.5619142055511475,0.742024838924408,0.5238788723945618,0.7424123287200928,0.4979184567928314,0.7603352665901184,0.502072811126709,0.7358779311180115,0.4408165514469147,0.7241513133049011,0.4057888984680176,0.7181952595710754,0.37751418352127075,0.804943859577179,0.49691590666770935,0.811528205871582,0.4221411645412445,0.8160123229026794,0.3815953731536865,0.8212857246398926,0.35213708877563477,0.8361132144927979,0.5010038614273071,0.8198491334915161,0.4557935893535614,0.8055136799812317,0.47627583146095276,0.8008329272270203,0.4898856580257416,0.8574461340904236,0.504227340221405,0.8418077230453491,0.4781316816806793,0.8309028148651123,0.4914553761482239,0.8281285166740417,0.5064868330955505,2
0.850213348865509,0.6412280797958374,0.7692137956619263,0.6143487691879272,0.7446818351745605,0.5606473088264465,0.7513301372528076,0.5201891660690308,0.7599204778671265,0.49385106563568115,0.7639533877372742,0.5019724369049072,0.7394064664840698,0.44014379382133484,0.7272919416427612,0.4045475125312805,0.7207806706428528,0.3756345510482788,0.8092527389526367,0.49590328335762024,0.8143459558486938,0.42217493057250977,0.8193135261535645,0.3831593990325928,0.8238171339035034,0.35395193099975586,0.8405453562736511,0.4997008740901947,0.8207536935806274,0.4590354859828949,0.8055962324142456,0.4807691276073456,0.8009961247444153,0.49513739347457886,0.8615347146987915,0.5026322603225708,0.8429398536682129,0.47939231991767883,0.8307746052742004,0.49345067143440247,0.8277817368507385,0.508966863155365,2
0.8525472283363342,0.6432257294654846,0.772648274898529,0.6152634024620056,0.7488165497779846,0.5631924867630005,0.7566099762916565,0.5202786326408386,0.7692692875862122,0.4918411374092102,0.7661073803901672,0.5045655965805054,0.7415685057640076,0.4408826529979706,0.7280724048614502,0.4036324620246887,0.7217586040496826,0.37439441680908203,0.8117936849594116,0.5012242197990417,0.8169918656349182,0.42539724707603455,0.8206489682197571,0.38368886709213257,0.8263070583343506,0.3534833788871765,0.8430160284042358,0.5070207715034485,0.8295519351959229,0.4575001001358032,0.8127902746200562,0.475019246339798,0.8072125315666199,0.4890364706516266,0.864795982837677,0.5114991664886475,0.8491340279579163,0.4805087149143219,0.8371299505233765,0.4902922809123993,0.8333879709243774,0.5024558305740356,2
0.8499534130096436,0.6414833664894104,0.7736247777938843,0.6136953830718994,0.7488787174224854,0.5684280395507812,0.7495576739311218,0.5359342694282532,0.7478697896003723,0.514865517616272,0.7643494009971619,0.5010467767715454,0.740410566329956,0.4408223032951355,0.7273571491241455,0.4037379324436188,0.7216117978096008,0.3756282329559326,0.808711051940918,0.500046968460083,0.814812958240509,0.42455899715423584,0.8189710974693298,0.3842543363571167,0.8247457146644592,0.35347843170166016,0.8390704989433289,0.5069289207458496,0.829167902469635,0.45559161901474,0.8142169713973999,0.4719822406768799,0.80856853723526,0.48370280861854553,0.8605226874351501,0.5123889446258545,0.8463090062141418,0.4787735044956207,0.8351160287857056,0.4871552884578705,0.8303037285804749,0.4978276193141937,2
0.8498704433441162,0.6408255100250244,0.7704480290412903,0.613182544708252,0.748812735080719,0.5607731938362122,0.7596344351768494,0.5197908878326416,0.7742709517478943,0.49212557077407837,0.7645166516304016,0.5027796626091003,0.7402341365814209,0.44047194719314575,0.7271727323532104,0.4034389555454254,0.721306324005127,0.3744817078113556,0.8094079494476318,0.49928829073905945,0.8153828978538513,0.4252059757709503,0.8194231986999512,0.38375920057296753,0.8252730369567871,0.35295334458351135,0.8402469158172607,0.5044070482254028,0.8253563642501831,0.45883023738861084,0.8096368312835693,0.4767734408378601,0.8045068383216858,0.48952415585517883,0.8610095381736755,0.5078340172767639,0.8448440432548523,0.47974151372909546,0.8329872488975525,0.49005356431007385,0.8288368582725525,0.5021184682846069,2
0.8522636294364929,0.6392221450805664,0.7704351544380188,0.6116460561752319,0.7475200295448303,0.559848427772522,0.7614071369171143,0.5197509527206421,0.780506432056427,0.49563074111938477,0.7662979960441589,0.49921855330467224,0.741986870765686,0.438827246427536,0.727543830871582,0.402601420879364,0.7216083407402039,0.3740665018558502,0.8111190795898438,0.49822238087654114,0.8176702857017517,0.4231259226799011,0.8207825422286987,0.38235336542129517,0.8273035287857056,0.351628839969635,0.8418087363243103,0.505365252494812,0.8287794589996338,0.45566490292549133,0.8109177947044373,0.4753428101539612,0.8047080039978027,0.488890141248703,0.8625025153160095,0.5113404393196106,0.8469492197036743,0.481444776058197,0.8340076804161072,0.4921152591705322,0.8292626738548279,0.504637598991394,2
0.851146936416626,0.6385814547538757,0.770405650138855,0.6135144233703613,0.7445718050003052,0.5603168606758118,0.7554845809936523,0.5170919299125671,0.7744527459144592,0.4899364411830902,0.7672612071037292,0.500693678855896,0.7412035465240479,0.43667924404144287,0.7279767990112305,0.40052828192710876,0.7219734787940979,0.37181007862091064,0.8130185604095459,0.49718302488327026,0.817409873008728,0.42049914598464966,0.8201855421066284,0.3784019351005554,0.8254183530807495,0.3485214114189148,0.8438544869422913,0.5027260184288025,0.8256125450134277,0.45412540435791016,0.8079591393470764,0.4724804162979126,0.8013492822647095,0.48662251234054565,0.8639503717422485,0.507777214050293,0.8462913036346436,0.4768407940864563,0.8330538272857666,0.4870326817035675,0.8290629982948303,0.5003294944763184,2
0.8491698503494263,0.6380034685134888,0.7694982886314392,0.6131213307380676,0.7436281442642212,0.5618921518325806,0.7550255060195923,0.5199412107467651,0.7727277278900146,0.49318233132362366,0.7671055197715759,0.5013927221298218,0.74067223072052,0.4380751848220825,0.7264553308486938,0.40173420310020447,0.7196470499038696,0.3721403479576111,0.8119120597839355,0.4964624047279358,0.8160332441329956,0.4222336411476135,0.8184577822685242,0.38000616431236267,0.8236184120178223,0.3491847813129425,0.8412109017372131,0.5007590055465698,0.8282280564308167,0.4530806541442871,0.8114408254623413,0.46728596091270447,0.8047511577606201,0.4783455729484558,0.8602800369262695,0.5058027505874634,0.8443245887756348,0.4736705422401428,0.8327301144599915,0.48073264956474304,0.8287225961685181,0.491825670003891,2
0.8480696678161621,0.6377962231636047,0.7690885663032532,0.6094871759414673,0.7459931969642639,0.5547753572463989,0.7557352781295776,0.5105525851249695,0.771122395992279,0.48022037744522095,0.766676664352417,0.5017483830451965,0.7400434017181396,0.43691569566726685,0.7270411849021912,0.4001186490058899,0.7208694815635681,0.3699333667755127,0.8114549517631531,0.498564213514328,0.8159661889076233,0.42231354117393494,0.8191695809364319,0.3791797161102295,0.8248097896575928,0.34802794456481934,0.8417420983314514,0.5037299990653992,0.82688969373703,0.45247843861579895,0.8093810677528381,0.4690307378768921,0.8018507361412048,0.482369989156723,0.8613570928573608,0.5091869831085205,0.8468930125236511,0.47263991832733154,0.8337624669075012,0.4803291857242584,0.8288347125053406,0.4927317798137665,2
0.8494523167610168,0.6358203291893005,0.7668331265449524,0.6086819767951965,0.7454591989517212,0.5564510226249695,0.7573530077934265,0.5159693956375122,0.7722429037094116,0.4881708025932312,0.7641022205352783,0.49542829394340515,0.7412143349647522,0.43502143025398254,0.7282229661941528,0.3994045853614807,0.7222973108291626,0.37144380807876587,0.8091810345649719,0.49367421865463257,0.8164174556732178,0.42012321949005127,0.8199998140335083,0.3798525929450989,0.8254372477531433,0.3498682677745819,0.8397973775863647,0.500400722026825,0.8236984014511108,0.456384539604187,0.8078895807266235,0.47853267192840576,0.8033722639083862,0.4922303259372711,0.860027551651001,0.5046973824501038,0.8419270515441895,0.47893190383911133,0.8291716575622559,0.49106934666633606,0.8249231576919556,0.5037932395935059,2
0.849603533744812,0.6366090178489685,0.7703075408935547,0.6107141971588135,0.7465689182281494,0.561079204082489,0.7592228055000305,0.5203145146369934,0.7765130400657654,0.49415409564971924,0.764598548412323,0.5002674460411072,0.7408761382102966,0.43803125619888306,0.7268897891044617,0.4013287425041199,0.7205531597137451,0.3729977607727051,0.8091832995414734,0.49764546751976013,0.8164556622505188,0.42299923300743103,0.8195319175720215,0.38150280714035034,0.8260297179222107,0.34984734654426575,0.8398329019546509,0.5036531090736389,0.8276766538619995,0.4560679793357849,0.8116523623466492,0.4776548147201538,0.8065716028213501,0.4929276406764984,0.8602939248085022,0.5076765418052673,0.8474701046943665,0.479198157787323,0.8373281359672546,0.49051129817962646,0.8339833617210388,0.5039272904396057,2
0.8516224026679993,0.6371935606002808,0.7681465148925781,0.6119019389152527,0.7441412210464478,0.5589923858642578,0.7560796737670898,0.5172943472862244,0.7742571830749512,0.49036842584609985,0.7659763097763062,0.5000818371772766,0.7411595582962036,0.43726056814193726,0.7283945679664612,0.40021800994873047,0.7233652472496033,0.3715932071208954,0.8109985589981079,0.4972727298736572,0.8165863156318665,0.42254722118377686,0.8200420141220093,0.3815956711769104,0.8257148265838623,0.3516365587711334,0.84044349193573,0.5020971298217773,0.8204393982887268,0.4580025374889374,0.8016930222511292,0.4770876169204712,0.7945812344551086,0.4900158941745758,0.8596140146255493,0.5049117803573608,0.8399901390075684,0.4777226150035858,0.8257719874382019,0.4871935546398163,0.8196619749069214,0.4993002116680145,2
0.8484503030776978,0.6410234570503235,0.7702489495277405,0.6145200729370117,0.7452871203422546,0.5617265105247498,0.7579763531684875,0.5186327695846558,0.778668224811554,0.4938555061817169,0.7670643329620361,0.5044560432434082,0.7402368187904358,0.439322829246521,0.7268788814544678,0.40382811427116394,0.7204120755195618,0.374661922454834,0.81148362159729,0.4987547695636749,0.8172250986099243,0.420814573764801,0.8207826018333435,0.3789903521537781,0.8266501426696777,0.34957483410835266,0.8425953388214111,0.5043812394142151,0.8287691473960876,0.4525163471698761,0.8101565837860107,0.46750909090042114,0.8020512461662292,0.4812363386154175,0.8634486794471741,0.5117026567459106,0.8487096428871155,0.4787077009677887,0.8356196284294128,0.48736029863357544,0.8315302729606628,0.5012709498405457,2
0.8500531315803528,0.6384149789810181,0.7699722647666931,0.6137053966522217,0.7454445362091064,0.5616163015365601,0.7561540603637695,0.5194074511528015,0.7732555866241455,0.49229350686073303,0.766022801399231,0.4995307922363281,0.740834653377533,0.4368889331817627,0.7283838987350464,0.400421142578125,0.7232044339179993,0.37174442410469055,0.8112432360649109,0.49666866660118103,0.8160660266876221,0.4224672317504883,0.8194937705993652,0.3817595839500427,0.8254269361495972,0.352005273103714,0.8418785929679871,0.5025638937950134,0.827069103717804,0.45616835355758667,0.8109676837921143,0.4744620621204376,0.8054794073104858,0.4877328872680664,0.8618720769882202,0.5075610280036926,0.8443312048912048,0.47913479804992676,0.831979513168335,0.4905649721622467,0.8283134698867798,0.5037816762924194,2
0.851233959197998,0.6410115361213684,0.7688338160514832,0.6153905391693115,0.7421822547912598,0.561627984046936,0.7551535964012146,0.5189439654350281,0.7737021446228027,0.4931851029396057,0.7664562463760376,0.5012468099594116,0.7408851981163025,0.4390939474105835,0.7278181910514832,0.40365883708000183,0.7217679619789124,0.37495195865631104,0.8126302361488342,0.49777162075042725,0.8167520761489868,0.4236539602279663,0.8187740445137024,0.3826955556869507,0.8244771361351013,0.3532663583755493,0.8430179357528687,0.5041543245315552,0.828847348690033,0.4551449120044708,0.8093534708023071,0.4704534709453583,0.8019516468048096,0.48348134756088257,0.863361656665802,0.5098646879196167,0.845628559589386,0.47827938199043274,0.831925094127655,0.48705583810806274,0.8269086480140686,0.4995739459991455,2
0.8511911034584045,0.6364673376083374,0.7685405611991882,0.614352822303772,0.7431696653366089,0.5602886080741882,0.7540412545204163,0.519097626209259,0.7706296443939209,0.49288469552993774,0.7627923488616943,0.49800121784210205,0.7405199408531189,0.4345061480998993,0.7285481691360474,0.39913925528526306,0.7228435277938843,0.3707970976829529,0.8081534504890442,0.4942493736743927,0.8148958683013916,0.42176032066345215,0.819815456867218,0.38163572549819946,0.8261371850967407,0.3513385057449341,0.838874340057373,0.4994632601737976,0.8210052251815796,0.46004801988601685,0.8070030212402344,0.4834046959877014,0.8038840889930725,0.49823054671287537,0.8586534857749939,0.5019741654396057,0.8393559455871582,0.4805941581726074,0.8282281160354614,0.49405643343925476,0.8257519006729126,0.5073316097259521,2
0.8480842113494873,0.636721134185791,0.7681110501289368,0.6105252504348755,0.7437192797660828,0.5624678730964661,0.7563037872314453,0.521912157535553,0.7714048624038696,0.49691951274871826,0.7643530368804932,0.49826833605766296,0.7397123575210571,0.4384201765060425,0.7270509600639343,0.4025910198688507,0.7214174866676331,0.3755528926849365,0.8082606792449951,0.4954976737499237,0.81541508436203,0.42236724495887756,0.8192759156227112,0.3823840618133545,0.8253071904182434,0.35322076082229614,0.8386081457138062,0.5022289156913757,0.827045202255249,0.4544382691383362,0.8090870380401611,0.4681856036186218,0.8012335896492004,0.4797595143318176,0.8592227101325989,0.5076403617858887,0.8447295427322388,0.47821056842803955,0.8318049907684326,0.4863261580467224,0.8259389400482178,0.49821528792381287,2
0.8483688235282898,0.6412268877029419,0.7683889269828796,0.6165597438812256,0.7413918375968933,0.5628722906112671,0.7538332343101501,0.5200544595718384,0.7729436159133911,0.4938613474369049,0.7666648030281067,0.504652738571167,0.7408320903778076,0.43880391120910645,0.7280598878860474,0.40268805623054504,0.7218086123466492,0.37317177653312683,0.8115320205688477,0.49809274077415466,0.8155683875083923,0.42395561933517456,0.8185052871704102,0.3822243809700012,0.8242783546447754,0.3523341417312622,0.8416280746459961,0.5028307437896729,0.8248610496520996,0.45587366819381714,0.8053750991821289,0.47067317366600037,0.7975135445594788,0.4845230281352997,0.8607385754585266,0.5088143348693848,0.842690110206604,0.4783893823623657,0.8292776942253113,0.4870555102825165,0.8248770236968994,0.5005137920379639,2
0.8481170535087585,0.6380171179771423,0.7675719857215881,0.6131725907325745,0.7451638579368591,0.5617759227752686,0.7580385208129883,0.5197948813438416,0.7758505344390869,0.49305787682533264,0.7672430872917175,0.5009757876396179,0.7423619031906128,0.4368298649787903,0.7294415235519409,0.40063679218292236,0.7229196429252625,0.37134283781051636,0.8117539882659912,0.497421532869339,0.8164851665496826,0.4244668781757355,0.8194488883018494,0.3839644193649292,0.8244723677635193,0.35522907972335815,0.8414852023124695,0.5036173462867737,0.8271270394325256,0.45691582560539246,0.8108887076377869,0.4724927246570587,0.8050058484077454,0.4846646785736084,0.8598981499671936,0.509168267250061,0.8440790176391602,0.4806773066520691,0.8319278955459595,0.4904387891292572,0.8286069631576538,0.5029522776603699,2
0.8501691818237305,0.6406564116477966,0.7702479958534241,0.6133016347885132,0.7447041273117065,0.5600595474243164,0.7550973892211914,0.5179656147956848,0.7696263790130615,0.4895687997341156,0.7662973999977112,0.5011512637138367,0.7417171001434326,0.43730777502059937,0.7295370697975159,0.40030592679977417,0.7231133580207825,0.37088871002197266,0.8116740584373474,0.4975917935371399,0.8167740702629089,0.42400476336479187,0.8201979994773865,0.3828369379043579,0.8253435492515564,0.353076696395874,0.8422277569770813,0.5036700367927551,0.8287554383277893,0.45412617921829224,0.8104817271232605,0.4671144187450409,0.8025193810462952,0.47915753722190857,0.8620126843452454,0.5096848607063293,0.8459087610244751,0.47605955600738525,0.8320616483688354,0.4827346205711365,0.8267136812210083,0.49372637271881104,2
0.850391685962677,0.6390937566757202,0.7697921991348267,0.6137920618057251,0.7453783750534058,0.5611569881439209,0.7561495304107666,0.5188267230987549,0.770289957523346,0.4914260506629944,0.7672818303108215,0.4996737241744995,0.7426165342330933,0.43660056591033936,0.7301389575004578,0.40008220076560974,0.7237484455108643,0.3713228106498718,0.8118164539337158,0.49680450558662415,0.8177824020385742,0.42158856987953186,0.8203672170639038,0.3793647885322571,0.825056254863739,0.34908527135849,0.8413643836975098,0.5033052563667297,0.8252155780792236,0.4581281542778015,0.808241069316864,0.47512930631637573,0.8028684854507446,0.48728594183921814,0.8604472875595093,0.5083937644958496,0.8411664962768555,0.48103857040405273,0.8281001448631287,0.4921547472476959,0.8239864110946655,0.5039699673652649,2
0.848564863204956,0.6374260783195496,0.7691084742546082,0.6142295002937317,0.741854190826416,0.5628114938735962,0.751822829246521,0.519725501537323,0.7699440717697144,0.494831919670105,0.7653596997261047,0.5012239813804626,0.7409723997116089,0.43556350469589233,0.728810727596283,0.39926135540008545,0.7230440378189087,0.36955124139785767,0.8095861673355103,0.49699825048446655,0.8151767253875732,0.4211510419845581,0.8187616467475891,0.37904560565948486,0.8254188895225525,0.3483213186264038,0.839662492275238,0.5027698278427124,0.8247697949409485,0.45567503571510315,0.8081350326538086,0.47355809807777405,0.8030726313591003,0.4875885546207428,0.8603405952453613,0.5088199377059937,0.8434514403343201,0.4766393303871155,0.8312250375747681,0.4861374795436859,0.8280926942825317,0.4986693263053894,2
0.845535159111023,0.6390019655227661,0.7661970257759094,0.6154600977897644,0.7410017848014832,0.5632309317588806,0.7536004185676575,0.5208592414855957,0.7725436687469482,0.4970496594905853,0.7651994824409485,0.5001283288002014,0.7396491765975952,0.4361840486526489,0.7268911004066467,0.40020930767059326,0.7210227847099304,0.370543509721756,0.8101847171783447,0.4950971305370331,0.8147308230400085,0.42203691601753235,0.8180288076400757,0.3806580603122711,0.8240190744400024,0.35115960240364075,0.8397272825241089,0.50138258934021,0.8258681893348694,0.4529843330383301,0.8073264956474304,0.465742826461792,0.8005179762840271,0.4783775210380554,0.8582077026367188,0.5087335705757141,0.8412555456161499,0.47777387499809265,0.8283770084381104,0.48580077290534973,0.8253434300422668,0.4988555908203125,2
0.8463355302810669,0.6408665776252747,0.7647699117660522,0.6169969439506531,0.737778902053833,0.5652459859848022,0.747453510761261,0.5246467590332031,0.7646631002426147,0.49995288252830505,0.7643643617630005,0.5031629204750061,0.7388903498649597,0.43826109170913696,0.7268447279930115,0.4009653925895691,0.7212011218070984,0.37112879753112793,0.8101328015327454,0.4982478618621826,0.8142456412315369,0.42316916584968567,0.8171314597129822,0.38077181577682495,0.8219426274299622,0.3510400056838989,0.8387119770050049,0.5027129054069519,0.8209947943687439,0.4557974934577942,0.8028597831726074,0.4678236246109009,0.7963122129440308,0.4777372181415558,0.8569325804710388,0.5080398321151733,0.8367898464202881,0.4763144850730896,0.8239334225654602,0.48241573572158813,0.8196014165878296,0.49420008063316345,2
0.8449652194976807,0.6385823488235474,0.765841543674469,0.6188275814056396,0.7358580231666565,0.5683101415634155,0.7449379563331604,0.5287966728210449,0.7681872248649597,0.5079918503761292,0.7646676898002625,0.5043863654136658,0.7395294904708862,0.4367266595363617,0.7263469099998474,0.399265319108963,0.7200591564178467,0.3689833879470825,0.809023380279541,0.4983202815055847,0.8131930232048035,0.42050015926361084,0.8156036138534546,0.3774048388004303,0.8202488422393799,0.3472616970539093,0.8374341130256653,0.5019884705543518,0.8192357420921326,0.4548591077327728,0.799830436706543,0.46806806325912476,0.7918555736541748,0.479969322681427,0.854333221912384,0.508574366569519,0.8338321447372437,0.47634220123291016,0.8195989727973938,0.48410168290138245,0.8159668445587158,0.4982612133026123,2
0.8448522686958313,0.6360762119293213,0.7634424567222595,0.6155689358711243,0.7367209792137146,0.5630571842193604,0.7480234503746033,0.5232553482055664,0.7688949108123779,0.5017257332801819,0.762212336063385,0.499552845954895,0.7374943494796753,0.4364486336708069,0.7248088717460632,0.4002493619918823,0.7187849283218384,0.37080755829811096,0.8057741522789001,0.4934237003326416,0.8113032579421997,0.4186229705810547,0.8144333362579346,0.3766446113586426,0.8194838166236877,0.3465545177459717,0.8335898518562317,0.4971647560596466,0.8132736682891846,0.45261961221694946,0.7928854823112488,0.4677712917327881,0.7842056751251221,0.47920942306518555,0.8503693342208862,0.5024392008781433,0.8302050232887268,0.47423115372657776,0.8164800405502319,0.4834960997104645,0.8116289973258972,0.4965674579143524,2
0.8466007113456726,0.6315816044807434,0.7641130685806274,0.6107661724090576,0.7365389466285706,0.5605570673942566,0.74869704246521,0.5230005383491516,0.7694957256317139,0.5017438530921936,0.76178377866745,0.4958978295326233,0.7379268407821655,0.4342476427555084,0.7253761887550354,0.3973660171031952,0.7201023697853088,0.36931878328323364,0.804087221622467,0.4919297397136688,0.8108862042427063,0.42057955265045166,0.8145543932914734,0.38144171237945557,0.8200996518135071,0.3516457676887512,0.8299071192741394,0.4952269494533539,0.8098028302192688,0.4551834464073181,0.7906542420387268,0.47328242659568787,0.7820300459861755,0.4835508167743683,0.8460792899131775,0.4978210926055908,0.8274080157279968,0.47346463799476624,0.814997673034668,0.48198118805885315,0.8085073828697205,0.4941791594028473,2
0.8430559635162354,0.6325412392616272,0.7646975517272949,0.610913097858429,0.7367215156555176,0.5618436336517334,0.7448977828025818,0.5247724056243896,0.7635456919670105,0.5035679340362549,0.7600758075714111,0.49819543957710266,0.7371943593025208,0.43654724955558777,0.7266963124275208,0.399448961019516,0.7223188877105713,0.37029358744621277,0.8028183579444885,0.49130523204803467,0.8097842335700989,0.4205308258533478,0.8151360154151917,0.38162118196487427,0.8198477029800415,0.35054051876068115,0.8301044702529907,0.49391061067581177,0.8097918033599854,0.45642736554145813,0.7932478785514832,0.47383540868759155,0.7864310145378113,0.48466551303863525,0.8473219871520996,0.49777624011039734,0.8276804685592651,0.47514382004737854,0.8153574466705322,0.4849840998649597,0.8099093437194824,0.49825572967529297,2
0.8465701341629028,0.6357192993164062,0.7649298906326294,0.6134701371192932,0.7369545102119446,0.5621507167816162,0.7472250461578369,0.5204150080680847,0.7663052082061768,0.495335191488266,0.7640318870544434,0.5005536675453186,0.7380719184875488,0.43881016969680786,0.7261608839035034,0.40105247497558594,0.7215741276741028,0.3708436191082001,0.8070014119148254,0.49357178807258606,0.811756432056427,0.42208132147789,0.8151275515556335,0.3803638815879822,0.8205348253250122,0.35004502534866333,0.8321858048439026,0.49598273634910583,0.8104694485664368,0.45334458351135254,0.7891205549240112,0.46385282278060913,0.7788817286491394,0.4713004231452942,0.8480502963066101,0.4995003342628479,0.8248266577720642,0.4727155864238739,0.8100413680076599,0.4786144196987152,0.8019971251487732,0.488960325717926,2
0.8444433808326721,0.6381430625915527,0.7639269828796387,0.613883376121521,0.7356154918670654,0.5647405385971069,0.7463623881340027,0.5254680514335632,0.7655506134033203,0.5049858689308167,0.7646359205245972,0.5025352239608765,0.7391912937164307,0.4377780556678772,0.7262678146362305,0.39962777495384216,0.7214315533638,0.3697732985019684,0.8078175187110901,0.49852535128593445,0.8131399154663086,0.4238726496696472,0.8163068890571594,0.3820943534374237,0.8222606182098389,0.35194891691207886,0.8343921899795532,0.5037969350814819,0.8180024027824402,0.45428013801574707,0.7969557046890259,0.46287551522254944,0.7866163849830627,0.47071003913879395,0.8511902689933777,0.5105160474777222,0.8330685496330261,0.4777120351791382,0.8191778659820557,0.4814048111438751,0.811908483505249,0.4921495318412781,2
0.846272349357605,0.6396359205245972,0.7659654021263123,0.6173897385597229,0.7356442213058472,0.5685897469520569,0.7438462972640991,0.5285173058509827,0.7653281092643738,0.5076698660850525,0.761598527431488,0.5030867457389832,0.7375246286392212,0.43829816579818726,0.7254862785339355,0.40054988861083984,0.7203720808029175,0.3710744380950928,0.804669976234436,0.49734658002853394,0.8112571835517883,0.4250233471393585,0.8151360154151917,0.3835926651954651,0.8216439485549927,0.3544826805591583,0.8317397236824036,0.5009307265281677,0.8160491585731506,0.45481619238853455,0.797833263874054,0.46505969762802124,0.7892652750015259,0.4728735685348511,0.8494428396224976,0.5061300992965698,0.8305034041404724,0.4763898551464081,0.8181338310241699,0.48280781507492065,0.8123142123222351,0.4938044548034668,2
0.8451962471008301,0.6372601985931396,0.7654947638511658,0.6152433753013611,0.7376096248626709,0.5621721148490906,0.7457991242408752,0.5217214822769165,0.7636390924453735,0.4989793598651886,0.7619925141334534,0.5007534623146057,0.7369791865348816,0.43724051117897034,0.7259140014648438,0.4000353515148163,0.72110915184021,0.37075552344322205,0.8039852976799011,0.493517130613327,0.8092799186706543,0.42334267497062683,0.8141015768051147,0.3830263614654541,0.8193225860595703,0.3527834415435791,0.8293241858482361,0.4958168864250183,0.8083176016807556,0.4565575420856476,0.7900378704071045,0.47015130519866943,0.7817100882530212,0.47890153527259827,0.8451911211013794,0.49903854727745056,0.8241878151893616,0.47460615634918213,0.8115960955619812,0.4829283356666565,0.8056319952011108,0.49490413069725037,2
0.8449816703796387,0.6372889280319214,0.7648938298225403,0.6135863065719604,0.7378818392753601,0.5626303553581238,0.7450817227363586,0.5228989124298096,0.7595489621162415,0.49827152490615845,0.7596435546875,0.5016409754753113,0.7367255687713623,0.4400344491004944,0.7247605919837952,0.4001210331916809,0.7199774980545044,0.3704865574836731,0.8018761873245239,0.4957575798034668,0.8092021346092224,0.42593544721603394,0.812924325466156,0.3849329948425293,0.818558931350708,0.354833722114563,0.8274878263473511,0.498070627450943,0.8098131418228149,0.45315179228782654,0.7893290519714355,0.45727548003196716,0.7786880731582642,0.4597315192222595,0.8441655039787292,0.5012661814689636,0.8229116201400757,0.4722483158111572,0.8082009553909302,0.473946750164032,0.7983781099319458,0.4808957874774933,2
0.8439233899116516,0.6363347172737122,0.7655758857727051,0.6149722337722778,0.7374054193496704,0.5653178691864014,0.743624746799469,0.524884819984436,0.7562327980995178,0.500013530254364,0.7613411545753479,0.5013387799263,0.7377384901046753,0.4395952522754669,0.7263319492340088,0.40143725275993347,0.7222835421562195,0.3719540536403656,0.8027967810630798,0.49527105689048767,0.8091071844100952,0.4247751235961914,0.8133535981178284,0.3840920925140381,0.819420337677002,0.35299769043922424,0.8271326422691345,0.4976578950881958,0.8083422183990479,0.45552852749824524,0.7884065508842468,0.46486666798591614,0.7786024212837219,0.4707890450954437,0.8430007696151733,0.5011078715324402,0.8214812278747559,0.4730835258960724,0.8076584935188293,0.47752073407173157,0.799304187297821,0.4874809980392456,2
0.847698986530304,0.6404090523719788,0.7677035331726074,0.6214724183082581,0.737492561340332,0.5686412453651428,0.7408520579338074,0.5291188955307007,0.7576695084571838,0.509312093257904,0.7660714387893677,0.5068765878677368,0.7400755882263184,0.4406925141811371,0.7283351421356201,0.40264806151390076,0.7233706116676331,0.3725634217262268,0.8080068826675415,0.4976445734500885,0.8126665353775024,0.4251229763031006,0.8158929944038391,0.3823675215244293,0.8211486339569092,0.35221153497695923,0.8317481875419617,0.4989803433418274,0.8058277368545532,0.4589720368385315,0.7865487337112427,0.4694238007068634,0.7796719670295715,0.4774860739707947,0.8447682857513428,0.5031372904777527,0.8178085088729858,0.47976088523864746,0.8041635751724243,0.48617324233055115,0.7996331453323364,0.4989134967327118,2
0.8472707271575928,0.6416863799095154,0.7683233618736267,0.6220346689224243,0.738035261631012,0.5705955624580383,0.7404695749282837,0.5304362773895264,0.7545062899589539,0.5092255473136902,0.7641139626502991,0.5076272487640381,0.73952716588974,0.44048380851745605,0.7279278635978699,0.40111878514289856,0.7229665517807007,0.37161320447921753,0.8064519762992859,0.49808013439178467,0.8109039664268494,0.42476364970207214,0.8138355612754822,0.3820374011993408,0.8189715147018433,0.35273218154907227,0.8315826654434204,0.499850332736969,0.8096858263015747,0.45373064279556274,0.7901499271392822,0.45992401242256165,0.7809045314788818,0.46598273515701294,0.8453698754310608,0.5049126148223877,0.820703387260437,0.4779459238052368,0.8063759803771973,0.4822489023208618,0.7992103695869446,0.49259835481643677,2
0.8489960432052612,0.64095538854599,0.7704983949661255,0.6239017248153687,0.7367207407951355,0.5820130109786987,0.728809118270874,0.5558364391326904,0.7287834286689758,0.545157253742218,0.7651235461235046,0.5066162943840027,0.7402754426002502,0.44113385677337646,0.7284611463546753,0.401553750038147,0.7226652503013611,0.37222129106521606,0.8062195777893066,0.500033974647522,0.8114617466926575,0.4254738390445709,0.8143553733825684,0.38337063789367676,0.8183984160423279,0.3536706864833832,0.8299692273139954,0.5025150179862976,0.807959258556366,0.45710980892181396,0.7886901497840881,0.46500465273857117,0.7792487144470215,0.4708080291748047,0.8437202572822571,0.5069957971572876,0.8191671967506409,0.4779304265975952,0.804928183555603,0.4821896255016327,0.7973802089691162,0.49226588010787964,2
0.852157711982727,0.6437234878540039,0.7708388566970825,0.6272284388542175,0.7356691360473633,0.5773679614067078,0.7367985248565674,0.538676917552948,0.7545038461685181,0.5178685188293457,0.7663469910621643,0.5107202529907227,0.7408574223518372,0.44081005454063416,0.7290538549423218,0.40165451169013977,0.7237160801887512,0.3704971969127655,0.8074461817741394,0.5007374882698059,0.8094803094863892,0.42658644914627075,0.8128550052642822,0.38407573103904724,0.817833423614502,0.3524213433265686,0.8298760056495667,0.5007050633430481,0.798773467540741,0.4659934639930725,0.7774084806442261,0.48248812556266785,0.7691639065742493,0.4943723678588867,0.8422620892524719,0.5045941472053528,0.8147656321525574,0.48374733328819275,0.8014143109321594,0.4924948811531067,0.796980619430542,0.506851315498352,2
0.8499984741210938,0.6402642130851746,0.7674980759620667,0.6193716526031494,0.7367857098579407,0.5733387470245361,0.7391888499259949,0.5423961281776428,0.7475502490997314,0.5239907503128052,0.763450562953949,0.5030229091644287,0.7394004464149475,0.43921786546707153,0.727739691734314,0.40111443400382996,0.7233827710151672,0.37148264050483704,0.8036882281303406,0.4969244599342346,0.809177041053772,0.4251266121864319,0.8132992386817932,0.3832221031188965,0.8190429210662842,0.35225534439086914,0.827458918094635,0.5011853575706482,0.8050925731658936,0.46033355593681335,0.7843844890594482,0.4642634987831116,0.7742815017700195,0.4656936228275299,0.841762363910675,0.5071905255317688,0.8154380321502686,0.48219379782676697,0.8003174066543579,0.48469626903533936,0.7930296659469604,0.4927707016468048,2
0.8513625860214233,0.6410518288612366,0.7685502767562866,0.6204444766044617,0.7376357316970825,0.5708234906196594,0.7411553263664246,0.5353171229362488,0.7535476088523865,0.5148537158966064,0.7665692567825317,0.5044378042221069,0.7407923340797424,0.4403694272041321,0.7280939817428589,0.40162983536720276,0.7233932018280029,0.3709096908569336,0.8046218156814575,0.5011135339736938,0.808659017086029,0.4275941848754883,0.8118299841880798,0.38457298278808594,0.8169082999229431,0.3514101505279541,0.8254919052124023,0.5053055286407471,0.7951056957244873,0.4676631689071655,0.7729887366294861,0.4839174151420593,0.7629137635231018,0.4935948848724365,0.8375319838523865,0.5101852416992188,0.8089161515235901,0.4905451834201813,0.7930010557174683,0.5004366040229797,0.7847578525543213,0.5138116478919983,2
0.852412223815918,0.6398659348487854,0.771268904209137,0.6218978762626648,0.7399604916572571,0.572162926197052,0.739423394203186,0.5360399484634399,0.7490559816360474,0.5129871964454651,0.7680171132087708,0.5041984915733337,0.7412915825843811,0.4391966164112091,0.7292936444282532,0.40002140402793884,0.7250186800956726,0.36869120597839355,0.8055525422096252,0.49970972537994385,0.8098729848861694,0.42745551466941833,0.8134923577308655,0.38402149081230164,0.8188930153846741,0.3520674705505371,0.8253450989723206,0.5032362341880798,0.7915710806846619,0.46897974610328674,0.771038293838501,0.4920772314071655,0.7633112072944641,0.5054377913475037,0.836359441280365,0.5066156387329102,0.8068361878395081,0.49158239364624023,0.7922735214233398,0.5070319175720215,0.7851288318634033,0.5232291221618652,2
0.8535305857658386,0.642194926738739,0.7738858461380005,0.6247214078903198,0.7400545477867126,0.5744372606277466,0.7395602464675903,0.5347261428833008,0.752686083316803,0.5120674967765808,0.769351601600647,0.5068324208259583,0.7423555254936218,0.43922027945518494,0.7297871112823486,0.3997259736061096,0.7250160574913025,0.3686002492904663,0.8069536089897156,0.5005742311477661,0.8110266923904419,0.4265073239803314,0.812825620174408,0.38230323791503906,0.8172012567520142,0.3510146737098694,0.8271954655647278,0.503572940826416,0.7971081137657166,0.46370115876197815,0.7762667536735535,0.4737822115421295,0.7684651017189026,0.48110702633857727,0.8372529745101929,0.5083748698234558,0.8090811371803284,0.487761527299881,0.7930397391319275,0.49577414989471436,0.7862221598625183,0.5089849829673767,2
0.8526629209518433,0.6415301561355591,0.7723388075828552,0.6234512329101562,0.7390770316123962,0.579099714756012,0.7380838394165039,0.5430206656455994,0.7499445676803589,0.5217797756195068,0.7673044800758362,0.5028460025787354,0.7423439621925354,0.43750932812690735,0.7297176122665405,0.39900195598602295,0.7258570194244385,0.3686906099319458,0.8050249218940735,0.4983732998371124,0.8103100657463074,0.4246560037136078,0.8131949305534363,0.38220202922821045,0.8185140490531921,0.3507770299911499,0.8253973722457886,0.5031812191009521,0.7981165051460266,0.46518364548683167,0.775401771068573,0.4783779978752136,0.764080286026001,0.4860190451145172,0.8366512656211853,0.5095044374465942,0.8096721172332764,0.4874279201030731,0.7940767407417297,0.4951808452606201,0.7849863767623901,0.5071264505386353,2
0.8531721234321594,0.6439919471740723,0.7736803889274597,0.6279217600822449,0.7367397546768188,0.5802872180938721,0.7382582426071167,0.5411570072174072,0.7552324533462524,0.5196152925491333,0.7701539397239685,0.509002149105072,0.7432214021682739,0.4410480260848999,0.7293870449066162,0.40118831396102905,0.7236868143081665,0.3696818947792053,0.8078444004058838,0.5023304224014282,0.8123748898506165,0.4272209703922272,0.8155320286750793,0.38257896900177,0.8209209442138672,0.35093003511428833,0.8286061882972717,0.5050594210624695,0.8003953695297241,0.46146371960639954,0.7787262201309204,0.4662507176399231,0.7698383927345276,0.4707547426223755,0.8387268781661987,0.5114372372627258,0.8100237250328064,0.4889965057373047,0.7925738096237183,0.49485284090042114,0.7841679453849792,0.5064511299133301,2
0.8526132702827454,0.6432476043701172,0.7702441215515137,0.625800371170044,0.7360260486602783,0.5783215165138245,0.7371693253517151,0.5412817597389221,0.7520964741706848,0.5205726623535156,0.7691203951835632,0.5036857724189758,0.7424103617668152,0.43858009576797485,0.7299468517303467,0.39999496936798096,0.7263630032539368,0.3695565462112427,0.8077175617218018,0.5004168152809143,0.8110864162445068,0.4278269410133362,0.8133906722068787,0.38523343205451965,0.8186635375022888,0.35422152280807495,0.8290544152259827,0.5058622360229492,0.800236701965332,0.46833956241607666,0.7770930528640747,0.482052206993103,0.7672265768051147,0.49065807461738586,0.8393244743347168,0.5131080150604248,0.8104661107063293,0.4937684237957001,0.793505847454071,0.5031862258911133,0.7862728834152222,0.5169143676757812,2
0.8553850650787354,0.6460885405540466,0.8025676012039185,0.6061088442802429,0.7718873023986816,0.5550225973129272,0.7540624737739563,0.5334895253181458,0.7482777237892151,0.5209473371505737,0.7871944904327393,0.4965251386165619,0.7503341436386108,0.43377986550331116,0.7350452542304993,0.39806580543518066,0.7275922894477844,0.36826494336128235,0.7941521406173706,0.508765697479248,0.7959264516830444,0.4353189468383789,0.8034892678260803,0.3893517255783081,0.8110659718513489,0.3559281826019287,0.7897699475288391,0.5306814908981323,0.7643681764602661,0.5005578994750977,0.7624213099479675,0.5191291570663452,0.7687951922416687,0.5317884683609009,0.7817750573158264,0.5500349998474121,0.763667643070221,0.5356860756874084,0.766755998134613,0.5479856133460999,0.773587167263031,0.5597410202026367,2
0.856319010257721,0.639655351638794,0.7747285962104797,0.6240223050117493,0.7415658235549927,0.5789244771003723,0.7435833811759949,0.5437021851539612,0.7504575252532959,0.519017219543457,0.7679157257080078,0.50227952003479,0.7414690852165222,0.43702560663223267,0.7285197377204895,0.3991256058216095,0.72479248046875,0.36961472034454346,0.8041860461235046,0.5005739331245422,0.8087775111198425,0.4269932508468628,0.8122081160545349,0.3838382959365845,0.8178618550300598,0.35263895988464355,0.8253735303878784,0.5057275295257568,0.800639271736145,0.4684410095214844,0.7842808961868286,0.4757736921310425,0.7760061025619507,0.4794771373271942,0.8353990912437439,0.5103960037231445,0.8130894899368286,0.4945725202560425,0.799720287322998,0.5020446181297302,0.7925840616226196,0.5110098719596863,2
0.8554003834724426,0.6443124413490295,0.7755762338638306,0.6315062642097473,0.7384223937988281,0.5890148282051086,0.7333778738975525,0.5537368655204773,0.7416697144508362,0.5302818417549133,0.7708232998847961,0.5079718828201294,0.7430737018585205,0.44080299139022827,0.7293797731399536,0.40117934346199036,0.7245422601699829,0.3701150715351105,0.8054999709129333,0.5026158094406128,0.8093046545982361,0.4275131821632385,0.8125502467155457,0.382455438375473,0.8178730607032776,0.3495762050151825,0.82445228099823,0.507628858089447,0.7979205250740051,0.4674701988697052,0.7780525088310242,0.470222145318985,0.7709378004074097,0.4733352065086365,0.8338137865066528,0.5157138109207153,0.8086855411529541,0.49542543292045593,0.7930544018745422,0.4993387460708618,0.7860317826271057,0.5078675150871277,2
0.8586026430130005,0.6453637480735779,0.7775885462760925,0.6285783648490906,0.7409327030181885,0.5794166922569275,0.7371377944946289,0.5452333092689514,0.7438912391662598,0.522074818611145,0.7747299671173096,0.5060573220252991,0.7427231669425964,0.4387059807777405,0.7302207946777344,0.40032535791397095,0.7254616022109985,0.36905115842819214,0.8070011138916016,0.5023263692855835,0.8075253367424011,0.42890995740890503,0.8099751472473145,0.3844999074935913,0.8154211640357971,0.3537425398826599,0.8232511878013611,0.5083855986595154,0.7884448170661926,0.4787179231643677,0.7701321244239807,0.5008643865585327,0.7661952972412109,0.5158538818359375,0.8307322859764099,0.5160059332847595,0.8021217584609985,0.5056841373443604,0.7894041538238525,0.5215771794319153,0.7868546843528748,0.5379988551139832,2
0.8547899127006531,0.6456679701805115,0.7737092971801758,0.6295365691184998,0.736232578754425,0.5836644172668457,0.7348341345787048,0.5462777614593506,0.747773289680481,0.525307834148407,0.7722675204277039,0.5060422420501709,0.7421215772628784,0.4377989172935486,0.7289122343063354,0.3996278643608093,0.7237764596939087,0.37022244930267334,0.8088446855545044,0.500187337398529,0.8114191293716431,0.42574018239974976,0.812457263469696,0.38076251745224,0.816552460193634,0.3501097857952118,0.8298191428184509,0.5082371830940247,0.8003008961677551,0.47399863600730896,0.7777708172798157,0.4815647602081299,0.7698376178741455,0.48975127935409546,0.8380600810050964,0.5213350653648376,0.8095428943634033,0.5062075853347778,0.792007327079773,0.5145744681358337,0.7862578630447388,0.527095377445221,2
0.8520697951316833,0.6419257521629333,0.7716770768165588,0.6238698959350586,0.7353816032409668,0.5764379501342773,0.7347663044929504,0.5405007004737854,0.7487170100212097,0.5206975936889648,0.7741370797157288,0.503428041934967,0.74322110414505,0.43655672669410706,0.729872465133667,0.39935117959976196,0.7240418791770935,0.37041833996772766,0.806695818901062,0.4986027479171753,0.8092361688613892,0.4259290099143982,0.8095903992652893,0.3825992941856384,0.8132033348083496,0.35283538699150085,0.8252425789833069,0.507762610912323,0.7939009070396423,0.4766240417957306,0.7720966339111328,0.4874754548072815,0.766270101070404,0.49846482276916504,0.832880973815918,0.5210615396499634,0.8043365478515625,0.5070812702178955,0.7877811193466187,0.5177086591720581,0.7840781211853027,0.5315067172050476,2
0.8568192720413208,0.6452361941337585,0.7742226123809814,0.6242625117301941,0.7399837970733643,0.5757203102111816,0.7402676939964294,0.5404871106147766,0.7522433400154114,0.5206666588783264,0.7723509073257446,0.5027596354484558,0.7430379390716553,0.4369402527809143,0.7298800349235535,0.3988001346588135,0.7257640957832336,0.36833974719047546,0.8082375526428223,0.5001142621040344,0.8102063536643982,0.42690083384513855,0.8114607930183411,0.38403597474098206,0.8156734108924866,0.35365670919418335,0.8276587724685669,0.5080915689468384,0.7910922169685364,0.4785536229610443,0.7687544822692871,0.49858614802360535,0.7617488503456116,0.5118823647499084,0.8363121151924133,0.5185568332672119,0.8023195266723633,0.5095369219779968,0.7857681512832642,0.5250609517097473,0.7803902626037598,0.5413487553596497,2
0.8533807396888733,0.6425830721855164,0.7725796699523926,0.6220601201057434,0.7383783459663391,0.5762922167778015,0.7380946278572083,0.5427221655845642,0.7490496635437012,0.5236280560493469,0.772630512714386,0.4997357428073883,0.7430912256240845,0.4349302053451538,0.7298670411109924,0.3980028033256531,0.7253022789955139,0.3687410056591034,0.8112071752548218,0.498162180185318,0.8117441534996033,0.42503875494003296,0.812066912651062,0.3829491138458252,0.8153567910194397,0.35239362716674805,0.8321732878684998,0.5078963041305542,0.798967719078064,0.475652277469635,0.7739296555519104,0.4902367889881134,0.7644676566123962,0.5008630752563477,0.8412960767745972,0.5187502503395081,0.8095872402191162,0.5059254169464111,0.7915521860122681,0.5186323523521423,0.7844729423522949,0.5329952836036682,2
0.8556933403015137,0.6443526148796082,0.7736992239952087,0.6245630383491516,0.7381603717803955,0.5779014229774475,0.7372565269470215,0.5427456498146057,0.7510941624641418,0.5241895914077759,0.7730177044868469,0.5044414401054382,0.7455629110336304,0.43748682737350464,0.7314026355743408,0.3988858461380005,0.7253801822662354,0.3687312602996826,0.8101879358291626,0.5004217028617859,0.8128385543823242,0.4250609874725342,0.8130359053611755,0.3824772238731384,0.8154382705688477,0.3522961735725403,0.8304011225700378,0.5075480937957764,0.7997609376907349,0.4700092673301697,0.7786126136779785,0.4803082048892975,0.7704131603240967,0.4875650405883789,0.8399907946586609,0.5181689262390137,0.8080832958221436,0.5005759596824646,0.792044460773468,0.5104296207427979,0.7850255370140076,0.5231542587280273,2
0.8569628596305847,0.6426916122436523,0.7747288942337036,0.6230611801147461,0.739920437335968,0.5778181552886963,0.7355050444602966,0.5470881462097168,0.7433358430862427,0.5285128355026245,0.7727020978927612,0.4997382164001465,0.743593156337738,0.4348258376121521,0.7302825450897217,0.3974052667617798,0.72466641664505,0.3687700033187866,0.8071112036705017,0.4969116151332855,0.8103811740875244,0.4248274564743042,0.8115885257720947,0.3826639950275421,0.8149390816688538,0.35302048921585083,0.8260528445243835,0.5064789652824402,0.7939366102218628,0.4771689176559448,0.7745446562767029,0.49294906854629517,0.7691310048103333,0.5044337511062622,0.8342084884643555,0.5182660222053528,0.8043842911720276,0.5079917311668396,0.7895756959915161,0.5204950571060181,0.7853027582168579,0.5339016914367676,2
0.8566907644271851,0.6404439210891724,0.7758451104164124,0.617876410484314,0.7408730983734131,0.5726386904716492,0.7352834343910217,0.5400841236114502,0.7386253476142883,0.5230919122695923,0.7695357799530029,0.5005622506141663,0.7430011630058289,0.4331290125846863,0.7310795783996582,0.3960973918437958,0.7258630394935608,0.3673832416534424,0.8144367933273315,0.4922035038471222,0.8182598352432251,0.4170231521129608,0.8221360445022583,0.37522122263908386,0.8265925645828247,0.34553003311157227,0.8443039655685425,0.49638980627059937,0.8275807499885559,0.447098970413208,0.8073678016662598,0.45441868901252747,0.7966093420982361,0.4625900685787201,0.8623655438423157,0.504676342010498,0.8419175148010254,0.4723900258541107,0.8268218636512756,0.47724732756614685,0.8215789794921875,0.48976123332977295,2
0.8521347641944885,0.6377228498458862,0.7738460898399353,0.6137734651565552,0.7444677352905273,0.558928370475769,0.7549980282783508,0.5132946968078613,0.7732535004615784,0.4859520494937897,0.7714946866035461,0.5033367276191711,0.7429249882698059,0.43465471267700195,0.7302072644233704,0.39868399500846863,0.7232891321182251,0.3684264123439789,0.8176916241645813,0.492488294839859,0.8220818638801575,0.41415366530418396,0.8246940970420837,0.37060675024986267,0.8299290537834167,0.3416818678379059,0.8492038249969482,0.4941510260105133,0.8296249508857727,0.4453364908695221,0.8115313649177551,0.45998650789260864,0.8033737540245056,0.47307372093200684,0.8695417642593384,0.499922513961792,0.8503009676933289,0.4660610258579254,0.8374003767967224,0.4736454486846924,0.8329922556877136,0.48782429099082947,2
0.8531367182731628,0.6391912698745728,0.7736995220184326,0.6161252856254578,0.7433052659034729,0.5616700649261475,0.7518393397331238,0.5157909989356995,0.767944872379303,0.48885947465896606,0.7714259624481201,0.505520224571228,0.7423307299613953,0.43628817796707153,0.7301784157752991,0.400307297706604,0.7233982086181641,0.36915576457977295,0.8165159225463867,0.49174919724464417,0.82029128074646,0.4158346951007843,0.8236240744590759,0.37202855944633484,0.8298182487487793,0.34080415964126587,0.8475419878959656,0.4924750030040741,0.8273270130157471,0.4519842863082886,0.8105953931808472,0.4679524898529053,0.8046364188194275,0.4822358787059784,0.8679923415184021,0.49838197231292725,0.8481591939926147,0.4702008366584778,0.8363713622093201,0.4808748960494995,0.8333279490470886,0.49635496735572815,2
0.8511958718299866,0.6377511620521545,0.7709131836891174,0.6133087277412415,0.7430019378662109,0.5601468086242676,0.7531877756118774,0.517207682132721,0.7691987156867981,0.48983582854270935,0.768602728843689,0.5035311579704285,0.742169201374054,0.437154620885849,0.7301638126373291,0.40058812499046326,0.7235439419746399,0.36954015493392944,0.8150943517684937,0.4931328594684601,0.8194040060043335,0.41767174005508423,0.8226918578147888,0.3735041320323944,0.8283478617668152,0.34216946363449097,0.846084713935852,0.4945973753929138,0.8264415264129639,0.45242056250572205,0.8096117973327637,0.4701972007751465,0.8037302494049072,0.4838917851448059,0.86643385887146,0.4994008243083954,0.8466526865959167,0.4716055691242218,0.8353504538536072,0.4831145107746124,0.8317477107048035,0.49793416261672974,2
0.852040708065033,0.6368656158447266,0.7700111269950867,0.6097237467765808,0.7446735501289368,0.554706871509552,0.7520642280578613,0.5118369460105896,0.7625848054885864,0.479232519865036,0.7670284509658813,0.5013158917427063,0.7407333850860596,0.43692612648010254,0.7296357154846191,0.40090513229370117,0.7236123085021973,0.370948851108551,0.8131617307662964,0.4927535951137543,0.8176493644714355,0.41763126850128174,0.8207073211669922,0.3744654059410095,0.82468581199646,0.34323230385780334,0.8436996340751648,0.4941953420639038,0.818119466304779,0.4545104503631592,0.8016568422317505,0.475616991519928,0.7962616086006165,0.48904502391815186,0.8631518483161926,0.49687495827674866,0.8404121398925781,0.47039830684661865,0.828768789768219,0.48316267132759094,0.8248820304870605,0.4981871545314789,2
0.8508426547050476,0.6408861875534058,0.7718045115470886,0.6150467395782471,0.7437078952789307,0.5612022876739502,0.7521910667419434,0.5155327916145325,0.7692592144012451,0.48683151602745056,0.7677525281906128,0.5066991448402405,0.7410916686058044,0.43810272216796875,0.7285586595535278,0.4028424918651581,0.720998227596283,0.3727928400039673,0.8138096332550049,0.49621617794036865,0.8190128803253174,0.41928625106811523,0.8224690556526184,0.3769962787628174,0.8278945684432983,0.3478465676307678,0.8461085557937622,0.4983288645744324,0.828834056854248,0.45123225450515747,0.8112335801124573,0.4662235677242279,0.8049169778823853,0.47990527749061584,0.8678286075592041,0.5035349130630493,0.8510996699333191,0.4704562723636627,0.8389741778373718,0.48014897108078003,0.8367264866828918,0.4947221875190735,2
0.8510296940803528,0.6392146944999695,0.7713906764984131,0.6106817722320557,0.7462330460548401,0.5590667724609375,0.756534218788147,0.5171184539794922,0.7696806192398071,0.4886043071746826,0.7668533325195312,0.5012414455413818,0.7408971786499023,0.43970829248428345,0.7279993295669556,0.403665155172348,0.7214662432670593,0.3744274377822876,0.8127461075782776,0.4963276982307434,0.8184971809387207,0.42090871930122375,0.8219531774520874,0.37836551666259766,0.8278611898422241,0.34806710481643677,0.8443998694419861,0.500088095664978,0.830012321472168,0.4521903395652771,0.8131003975868225,0.4662412703037262,0.8060503005981445,0.47618964314460754,0.8664003610610962,0.5042110085487366,0.8506032228469849,0.4711082875728607,0.8385854363441467,0.47953078150749207,0.8340858817100525,0.4909515976905823,2
0.8229587078094482,0.6323237419128418,0.7486636638641357,0.6007189750671387,0.7295511364936829,0.5528358817100525,0.7394303679466248,0.514572024345398,0.7534010410308838,0.4894956350326538,0.743659257888794,0.49661317467689514,0.7185853719711304,0.43515464663505554,0.7052320837974548,0.4002845585346222,0.6986169815063477,0.37128591537475586,0.7862365245819092,0.4931214153766632,0.7918334603309631,0.41627076268196106,0.7958874702453613,0.37361133098602295,0.8034656047821045,0.34282219409942627,0.8191310167312622,0.49841180443763733,0.8160300254821777,0.44780606031417847,0.8035112023353577,0.4613857567310333,0.7993345856666565,0.4725797474384308,0.8432654738426208,0.5039137601852417,0.8392979502677917,0.46875235438346863,0.8309937715530396,0.47925329208374023,0.8301012516021729,0.491950124502182,2
0.8000795245170593,0.6354748606681824,0.7289643883705139,0.5981910228729248,0.7138475179672241,0.552771806716919,0.7196133136749268,0.5160050392150879,0.727007269859314,0.4850649833679199,0.7170700430870056,0.5038076043128967,0.6960984468460083,0.44611072540283203,0.6843298673629761,0.4119030833244324,0.6782870292663574,0.38255012035369873,0.758082926273346,0.503079354763031,0.7667771577835083,0.4279409646987915,0.7720621824264526,0.38460463285446167,0.7807245254516602,0.35400834679603577,0.7929912805557251,0.5091485977172852,0.793194055557251,0.45677614212036133,0.7836225032806396,0.468993604183197,0.7802826166152954,0.4805087149143219,0.8195948004722595,0.512778103351593,0.817095160484314,0.47666293382644653,0.8097835779190063,0.4871974289417267,0.8082181215286255,0.4982348382472992,2
0.8024709224700928,0.6351310014724731,0.7281020283699036,0.6021143794059753,0.7137457728385925,0.554793655872345,0.7192376255989075,0.5178540349006653,0.726550817489624,0.487028032541275,0.7197656631469727,0.5051836967468262,0.6958978772163391,0.4473119378089905,0.6831215023994446,0.411751389503479,0.676675021648407,0.38267025351524353,0.7614960670471191,0.5035703182220459,0.7680364847183228,0.4278932213783264,0.7725797891616821,0.3851941227912903,0.7802984118461609,0.35361191630363464,0.7938212752342224,0.5081879496574402,0.7874724268913269,0.4595221281051636,0.777630090713501,0.47669917345046997,0.7748948931694031,0.48864731192588806,0.8184919357299805,0.5103420615196228,0.8127270936965942,0.47874072194099426,0.8066521286964417,0.4906521737575531,0.8054333925247192,0.5033343434333801,2
0.799755871295929,0.6396085619926453,0.7289077639579773,0.6092233657836914,0.709052562713623,0.5632830262184143,0.711441695690155,0.5248932838439941,0.7187449932098389,0.49873778223991394,0.7229278683662415,0.5090755820274353,0.6971473097801208,0.44745779037475586,0.6839066743850708,0.4122409224510193,0.676550030708313,0.3828357458114624,0.7646610140800476,0.5013064742088318,0.7688561081886292,0.4252632260322571,0.7714747190475464,0.3825056552886963,0.7770515084266663,0.3523290753364563,0.797494649887085,0.5050345063209534,0.7916905879974365,0.45679089426994324,0.7783181071281433,0.4711008667945862,0.7743452787399292,0.4850972890853882,0.8224973678588867,0.5113450288772583,0.8161355257034302,0.4762599468231201,0.8077297210693359,0.48829805850982666,0.8067723512649536,0.5024835467338562,2
0.8019741177558899,0.6403146982192993,0.7318328022956848,0.6064363121986389,0.7134415507316589,0.5603317618370056,0.7157299518585205,0.5252764225006104,0.717952311038971,0.49784669280052185,0.7189196348190308,0.5062364339828491,0.6960453987121582,0.4472004175186157,0.6838952302932739,0.4129336476325989,0.6776416301727295,0.3834720253944397,0.7605647444725037,0.5024498701095581,0.7661758661270142,0.42886489629745483,0.77116459608078,0.38763532042503357,0.7787744402885437,0.3577441871166229,0.794344961643219,0.5070397257804871,0.7917080521583557,0.4575826823711395,0.779589056968689,0.46769532561302185,0.7753163576126099,0.47732213139533997,0.8205486536026001,0.5117887854576111,0.8159441351890564,0.47843652963638306,0.8077251315116882,0.4870454967021942,0.8056966662406921,0.49788978695869446,2
0.802907407283783,0.6398679614067078,0.7308565378189087,0.6084216833114624,0.711382269859314,0.5653818249702454,0.7139529585838318,0.5307371616363525,0.718762993812561,0.504682719707489,0.71919846534729,0.508722722530365,0.6954205632209778,0.45031023025512695,0.6826921701431274,0.41511014103889465,0.6760444641113281,0.3865240812301636,0.7600582838058472,0.5058106184005737,0.7663626670837402,0.4301048517227173,0.7705598473548889,0.3878823518753052,0.7780498266220093,0.357296347618103,0.7940273284912109,0.5112158060073853,0.794103741645813,0.45853206515312195,0.7836567759513855,0.46723806858062744,0.7796676754951477,0.47541213035583496,0.8198719024658203,0.5156819820404053,0.8175980448722839,0.47908714413642883,0.8107014298439026,0.4870477318763733,0.8088887333869934,0.4966295659542084,2
0.8043949007987976,0.6411064267158508,0.7298983335494995,0.6127816438674927,0.7100245952606201,0.5692059993743896,0.7067155241966248,0.534400224685669,0.7044315934181213,0.5057464838027954,0.7156376838684082,0.509794294834137,0.6911330223083496,0.452179878950119,0.677731454372406,0.4171121418476105,0.6693801283836365,0.3893270492553711,0.758071780204773,0.5063208341598511,0.7627580165863037,0.4314049482345581,0.7655006647109985,0.3885533809661865,0.7710337042808533,0.3592132329940796,0.791722297668457,0.511070191860199,0.7878471612930298,0.4570431709289551,0.7774747014045715,0.46354037523269653,0.7734777927398682,0.470483660697937,0.8167503476142883,0.5145799517631531,0.8129339218139648,0.4771201014518738,0.8062691688537598,0.48360535502433777,0.8043283820152283,0.49379345774650574,2
0.8020432591438293,0.6325932741165161,0.7294211387634277,0.5982041358947754,0.7141681909561157,0.5516436696052551,0.7206096053123474,0.5163633823394775,0.7292647957801819,0.4861995577812195,0.715033233165741,0.5031567215919495,0.6908572316169739,0.44739896059036255,0.6772827506065369,0.4130015969276428,0.6696391701698303,0.3840695917606354,0.7561847567558289,0.5009211301803589,0.7631250619888306,0.4258829653263092,0.7678436040878296,0.3833424150943756,0.7751145958900452,0.3520969748497009,0.7904880046844482,0.5061100125312805,0.7865753173828125,0.4559974670410156,0.7782652378082275,0.47144508361816406,0.7756117582321167,0.4831937849521637,0.8161256313323975,0.5089600086212158,0.8122464418411255,0.47585994005203247,0.8065336346626282,0.4869891107082367,0.8054288029670715,0.49857738614082336,2
0.8035545349121094,0.6345882415771484,0.7286929488182068,0.6021192073822021,0.7139718532562256,0.5561403632164001,0.7226848602294922,0.5215314626693726,0.7318957448005676,0.49331438541412354,0.7188926935195923,0.503272533416748,0.6959626078605652,0.44670331478118896,0.68309086561203,0.41256415843963623,0.6772220134735107,0.3849828839302063,0.7611584663391113,0.5026634335517883,0.7691448926925659,0.4270666837692261,0.7716742157936096,0.38669824600219727,0.7776123285293579,0.3576701283454895,0.7950925827026367,0.5093706250190735,0.790821373462677,0.45977383852005005,0.7816519141197205,0.4778268337249756,0.7787386775016785,0.49029025435447693,0.8202074766159058,0.5129908919334412,0.8162570595741272,0.47991663217544556,0.8102269172668457,0.4919493794441223,0.8088064193725586,0.5042927265167236,2
0.8044704794883728,0.6330801248550415,0.7297840118408203,0.6040046215057373,0.7138513922691345,0.5569577217102051,0.7233761548995972,0.5205947160720825,0.7338067889213562,0.4930601418018341,0.7218829393386841,0.5046288371086121,0.6970112919807434,0.4476969242095947,0.6839890480041504,0.4129731059074402,0.6778440475463867,0.38547587394714355,0.7632766366004944,0.5018724203109741,0.769497275352478,0.42629802227020264,0.7723051309585571,0.38593846559524536,0.777860164642334,0.3561212420463562,0.7954745292663574,0.5062070488929749,0.7881481647491455,0.45959314703941345,0.7787145972251892,0.477845698595047,0.7760496735572815,0.4900977313518524,0.8188464045524597,0.5085559487342834,0.81166672706604,0.47978150844573975,0.8055723309516907,0.49275413155555725,0.8047522306442261,0.505395233631134,2
0.8028557896614075,0.6375669240951538,0.7302111983299255,0.6087334752082825,0.7107211351394653,0.5615783929824829,0.7170926332473755,0.5231062769889832,0.7281066179275513,0.4965397119522095,0.7232101559638977,0.5102236866950989,0.6961348056793213,0.45000165700912476,0.6823117733001709,0.4147055149078369,0.6754370331764221,0.38572177290916443,0.7645781636238098,0.5032768249511719,0.7688373923301697,0.4271387755870819,0.7706086039543152,0.38502728939056396,0.7764336466789246,0.35585156083106995,0.7964812517166138,0.5061784386634827,0.7896052598953247,0.4571051299571991,0.777539849281311,0.4722668528556824,0.7743039727210999,0.4849337935447693,0.8206934332847595,0.5112722516059875,0.8132679462432861,0.477317214012146,0.8057555556297302,0.4888291656970978,0.8051103949546814,0.5028899908065796,2
0.8032034635543823,0.635527491569519,0.7311726808547974,0.6059770584106445,0.7143266201019287,0.5604744553565979,0.7190077900886536,0.5227112174034119,0.7266331315040588,0.49409666657447815,0.7199144959449768,0.5058348178863525,0.6953375339508057,0.44831129908561707,0.6823532581329346,0.41387516260147095,0.6752965450286865,0.38573747873306274,0.7620549201965332,0.5020689964294434,0.7686808705329895,0.4271519184112549,0.7713603377342224,0.384405255317688,0.7770653963088989,0.355546236038208,0.7955116629600525,0.5074685215950012,0.790383517742157,0.4591617286205292,0.7794502973556519,0.4724024832248688,0.7766960263252258,0.48370814323425293,0.8209118247032166,0.5120535492897034,0.8148919343948364,0.4808047115802765,0.8082226514816284,0.4915694296360016,0.807411789894104,0.5032784342765808,2
0.8034670352935791,0.6337672472000122,0.7312802076339722,0.6028277277946472,0.7154698967933655,0.5571429133415222,0.7194341421127319,0.5204716324806213,0.7257757186889648,0.49146249890327454,0.718848466873169,0.5021849274635315,0.6955072283744812,0.44570520520210266,0.6837618350982666,0.4121300280094147,0.6770933270454407,0.38495010137557983,0.7609185576438904,0.4980217218399048,0.768046498298645,0.4250148832798004,0.7716601490974426,0.38564643263816833,0.7761822938919067,0.3584475815296173,0.7954198122024536,0.5035642385482788,0.7897600531578064,0.4567558169364929,0.7793258428573608,0.468851238489151,0.7760827541351318,0.47916287183761597,0.8208751678466797,0.5084927678108215,0.8145828247070312,0.47704634070396423,0.8073717951774597,0.4869765043258667,0.8067453503608704,0.49827712774276733,2
0.8022691011428833,0.6349080204963684,0.731337308883667,0.6023666262626648,0.7173609137535095,0.5554607510566711,0.7233419418334961,0.5192906856536865,0.7313495874404907,0.49047166109085083,0.71883225440979,0.5042452216148376,0.6954246163368225,0.4473327398300171,0.683364987373352,0.413373738527298,0.6767208576202393,0.38596707582473755,0.7600107789039612,0.5016635060310364,0.7673629522323608,0.42777642607688904,0.7722544074058533,0.38718181848526,0.7786736488342285,0.35740363597869873,0.793991208076477,0.5070201754570007,0.7899729609489441,0.4577711224555969,0.7808334231376648,0.471432626247406,0.7774592041969299,0.4826960861682892,0.8192647099494934,0.5111457705497742,0.8148120641708374,0.4786648154258728,0.8086609244346619,0.48933014273643494,0.8079293370246887,0.5008652210235596,2
0.8032833933830261,0.6348170042037964,0.7298957109451294,0.6025793552398682,0.7129568457603455,0.555138111114502,0.722614049911499,0.5185800790786743,0.7332210540771484,0.49010583758354187,0.719666063785553,0.5047671794891357,0.6966184377670288,0.44768771529197693,0.6835529804229736,0.41369202733039856,0.6770829558372498,0.38564765453338623,0.7610905170440674,0.5042575001716614,0.7679757475852966,0.4294889569282532,0.770637035369873,0.3884163498878479,0.7771087884902954,0.35775595903396606,0.794059157371521,0.510245680809021,0.7908868789672852,0.45818090438842773,0.7807198166847229,0.4720360338687897,0.7766563296318054,0.4823898673057556,0.8184971213340759,0.5146134495735168,0.815365731716156,0.4787152409553528,0.8088999390602112,0.4878905415534973,0.8074007034301758,0.49899822473526,2
0.8022474050521851,0.6344698667526245,0.7312958240509033,0.6035603284835815,0.7153611779212952,0.5550186634063721,0.7214020490646362,0.5173256993293762,0.7317603826522827,0.48879632353782654,0.7220569849014282,0.5056466460227966,0.6963242292404175,0.4459977447986603,0.6829162836074829,0.4118364751338959,0.6756795644760132,0.38342174887657166,0.7636170387268066,0.5012523531913757,0.7683689594268799,0.4264495372772217,0.771392285823822,0.3855396509170532,0.7770764231681824,0.3568025529384613,0.7966099977493286,0.5055510997772217,0.7906770706176758,0.4579697251319885,0.7800787687301636,0.47232112288475037,0.7765501141548157,0.4843057096004486,0.8205486536026001,0.5099492073059082,0.8151735067367554,0.4776914119720459,0.8090662360191345,0.48813050985336304,0.8089588284492493,0.5008143186569214,2
0.8032811284065247,0.6348587870597839,0.7302216291427612,0.6028461456298828,0.711481511592865,0.556639552116394,0.7204656004905701,0.518566370010376,0.7311619520187378,0.4909557104110718,0.7212408185005188,0.5074313879013062,0.6976418495178223,0.44817012548446655,0.6844490766525269,0.41346263885498047,0.676602303981781,0.38475972414016724,0.7620842456817627,0.503445565700531,0.7686812281608582,0.42851677536964417,0.7715782523155212,0.38645297288894653,0.7775882482528687,0.3567590117454529,0.7944316864013672,0.5075089931488037,0.789813220500946,0.457602858543396,0.7785736918449402,0.4665553867816925,0.7742083668708801,0.47456520795822144,0.8189412951469421,0.5124169588088989,0.813257098197937,0.47779351472854614,0.806045413017273,0.4849383533000946,0.8034728765487671,0.4942554831504822,2
0.8045445680618286,0.634263813495636,0.7295657396316528,0.6053991913795471,0.711440920829773,0.5603400468826294,0.7179889678955078,0.5245994925498962,0.726847231388092,0.4972230792045593,0.7223151922225952,0.5017386674880981,0.6975242495536804,0.44578754901885986,0.683949887752533,0.4127101004123688,0.677480936050415,0.385670930147171,0.7650743126869202,0.4988071620464325,0.7706533074378967,0.42575016617774963,0.7731244564056396,0.3859785199165344,0.7787235975265503,0.35716551542282104,0.7980233430862427,0.5050379037857056,0.7894338369369507,0.4593292772769928,0.7784193158149719,0.4768161475658417,0.7755298614501953,0.48939961194992065,0.8225481510162354,0.510779857635498,0.8157036900520325,0.4788583815097809,0.8080317974090576,0.4911017417907715,0.8067567348480225,0.5052555799484253,2
0.8062788844108582,0.6343593597412109,0.73092120885849,0.6082529425621033,0.7115914225578308,0.559605062007904,0.7166855931282043,0.5214830636978149,0.7243627905845642,0.4929139018058777,0.7237492799758911,0.5014780163764954,0.6980223655700684,0.4446854889392853,0.6855248808860779,0.4110491871833801,0.6784101128578186,0.38380759954452515,0.7666364908218384,0.4979702830314636,0.7721421122550964,0.4241151809692383,0.7761247158050537,0.3838531970977783,0.7815524935722351,0.3546854853630066,0.798678457736969,0.5027281045913696,0.7873172163963318,0.458071231842041,0.7763689756393433,0.47655418515205383,0.7739138603210449,0.48877185583114624,0.8220592141151428,0.5064843893051147,0.8117833137512207,0.4782557785511017,0.8042665123939514,0.4913681447505951,0.803490161895752,0.5056297779083252,2
0.8083773851394653,0.6334127187728882,0.732547402381897,0.6062243580818176,0.7119354009628296,0.5574604272842407,0.7179847955703735,0.5184394717216492,0.7245613932609558,0.48849424719810486,0.7254398465156555,0.5018031001091003,0.7006053328514099,0.44344139099121094,0.687802791595459,0.40907996892929077,0.6814610362052917,0.3811689615249634,0.767578125,0.4982932209968567,0.7726723551750183,0.4243641197681427,0.775038480758667,0.38364946842193604,0.7794166803359985,0.35346490144729614,0.798858106136322,0.502743124961853,0.7860298752784729,0.45894086360931396,0.7736243605613708,0.4765542447566986,0.7701723575592041,0.48863792419433594,0.8218070864677429,0.5061238408088684,0.8115090727806091,0.47739097476005554,0.8034727573394775,0.4892730414867401,0.8016530871391296,0.5022359490394592,2
0.8073595762252808,0.632374107837677,0.7318834066390991,0.6043292284011841,0.7109261155128479,0.5561395287513733,0.7128831744194031,0.5193364024162292,0.7141402959823608,0.49165305495262146,0.7248480916023254,0.5003240704536438,0.7013418674468994,0.44059544801712036,0.6895010471343994,0.4065360724925995,0.6831311583518982,0.37959086894989014,0.7678752541542053,0.4958837330341339,0.772800624370575,0.4221787452697754,0.7751300930976868,0.3837011158466339,0.7776377201080322,0.35539162158966064,0.7991117835044861,0.4996923804283142,0.7828671336174011,0.45908820629119873,0.7705994844436646,0.4787052869796753,0.7674276232719421,0.49121177196502686,0.8218582272529602,0.5025582909584045,0.8081437945365906,0.47711530327796936,0.7996295690536499,0.4902743399143219,0.7983710765838623,0.5043125748634338,2
0.8099488019943237,0.6368461847305298,0.7345046997070312,0.6094542741775513,0.7115834951400757,0.5613431930541992,0.7116621732711792,0.5260244011878967,0.7100710868835449,0.497356116771698,0.7286110520362854,0.5048210620880127,0.7036722302436829,0.44391846656799316,0.6908746361732483,0.40783488750457764,0.6844264268875122,0.3783969581127167,0.7711136341094971,0.5017347931861877,0.7762760519981384,0.4274097681045532,0.778403103351593,0.386182963848114,0.78214430809021,0.35591578483581543,0.8000090718269348,0.5047545433044434,0.7858311533927917,0.45923781394958496,0.7715404033660889,0.4746377468109131,0.7654902338981628,0.48459380865097046,0.8210548162460327,0.506626546382904,0.8094031810760498,0.4749543070793152,0.8013373613357544,0.4825150966644287,0.7980664372444153,0.4940722584724426,2
0.8159674406051636,0.6358453035354614,0.7358688712120056,0.6262154579162598,0.698021411895752,0.5794697999954224,0.6976460814476013,0.5374024510383606,0.7146567702293396,0.5148977637290955,0.73040771484375,0.5194299817085266,0.7012155055999756,0.4489787220954895,0.6870843172073364,0.40981200337409973,0.6792086958885193,0.37853288650512695,0.76891028881073,0.503404974937439,0.7665725350379944,0.4253821074962616,0.7644421458244324,0.37823134660720825,0.7658475637435913,0.3451674282550812,0.7907273173332214,0.4995920658111572,0.7563657164573669,0.4545731842517853,0.7345997095108032,0.46311646699905396,0.7260124683380127,0.4718831479549408,0.8016535639762878,0.5017393231391907,0.7706605792045593,0.4777149558067322,0.7538132667541504,0.4836203455924988,0.7467222213745117,0.4955597519874573,2
0.8139195442199707,0.6350500583648682,0.734124481678009,0.6238579750061035,0.6971989870071411,0.5761635303497314,0.6990618109703064,0.5335562229156494,0.7166507840156555,0.5100491046905518,0.7309783101081848,0.5150529146194458,0.701378583908081,0.44738754630088806,0.6873073577880859,0.40931084752082825,0.6794828772544861,0.37783002853393555,0.7702029347419739,0.49972739815711975,0.7656640410423279,0.42445284128189087,0.7637723684310913,0.37958410382270813,0.7648888230323792,0.3460540771484375,0.7920872569084167,0.4964126944541931,0.7608128786087036,0.45127302408218384,0.7362018823623657,0.4529372453689575,0.723948061466217,0.455678790807724,0.801884114742279,0.4989066421985626,0.7716774940490723,0.4711388051509857,0.7545057535171509,0.47143521904945374,0.745673656463623,0.47971391677856445,2
0.8138912320137024,0.6350588202476501,0.7353032231330872,0.625324010848999,0.6959631443023682,0.5783578157424927,0.6983197331428528,0.5334649682044983,0.7169618606567383,0.511837363243103,0.731877863407135,0.5171329379081726,0.7010335326194763,0.4470294117927551,0.6878334283828735,0.4092509150505066,0.6802628636360168,0.37779274582862854,0.7709488272666931,0.4985803961753845,0.767284095287323,0.4234524667263031,0.7647485733032227,0.3767976760864258,0.7661307454109192,0.3440999686717987,0.7933202981948853,0.4951171576976776,0.7595563530921936,0.4533395767211914,0.7363703846931458,0.4585631191730499,0.7255590558052063,0.466500461101532,0.803238570690155,0.4986839294433594,0.7708438038825989,0.47626182436943054,0.7527819275856018,0.4823135733604431,0.7445502877235413,0.49573996663093567,2
0.8153608441352844,0.6359685659408569,0.7366262078285217,0.626062273979187,0.6967239379882812,0.578101634979248,0.6978169679641724,0.5330610871315002,0.7157909274101257,0.5111553072929382,0.7335278391838074,0.5188112258911133,0.7022683620452881,0.4486098885536194,0.6888732314109802,0.4105287194252014,0.6806800961494446,0.3797990083694458,0.7720370292663574,0.49926915764808655,0.7683538794517517,0.4242425560951233,0.7654410600662231,0.37573152780532837,0.7671991586685181,0.34215593338012695,0.7939741015434265,0.49642467498779297,0.7608011364936829,0.45458289980888367,0.7379851341247559,0.45617789030075073,0.7279161214828491,0.46244534850120544,0.8031115531921387,0.5005881190299988,0.7703361511230469,0.4769119322299957,0.751693844795227,0.479962557554245,0.7431037425994873,0.49067655205726624,2
0.8156505227088928,0.6356446146965027,0.7370868921279907,0.626792311668396,0.6971771121025085,0.5772574543952942,0.6988855004310608,0.5306085348129272,0.7184537649154663,0.5080031752586365,0.7356534004211426,0.5221464037895203,0.7028113603591919,0.4503018260002136,0.6895232200622559,0.41030728816986084,0.6805385947227478,0.3775692582130432,0.7741285562515259,0.5015037655830383,0.7680837512016296,0.4240529537200928,0.7664356231689453,0.3764890730381012,0.7676196694374084,0.3426905572414398,0.794318675994873,0.4947167634963989,0.7569933533668518,0.4497808814048767,0.7332919836044312,0.4501707851886749,0.7226854562759399,0.4535098969936371,0.8023912906646729,0.49478134512901306,0.7701995968818665,0.47001945972442627,0.751765787601471,0.47272858023643494,0.7426813840866089,0.48228561878204346,2
0.8148987889289856,0.6349296569824219,0.7354952096939087,0.6232035756111145,0.7001031041145325,0.5781538486480713,0.6983510255813599,0.5371240973472595,0.7110024690628052,0.5142784118652344,0.7318118810653687,0.5132319331169128,0.703583836555481,0.44593602418899536,0.6888896226882935,0.4073828160762787,0.6817424297332764,0.3762779235839844,0.7705498337745667,0.4996117353439331,0.7674590945243835,0.42353805899620056,0.7652040123939514,0.3754940629005432,0.7667112946510315,0.3413184881210327,0.7929676175117493,0.4978383481502533,0.7602119445800781,0.45614057779312134,0.7354299426078796,0.4635758101940155,0.7235975861549377,0.47129419445991516,0.8036046624183655,0.5011845231056213,0.7706303000450134,0.4793335795402527,0.7517004609107971,0.4854227602481842,0.74164217710495,0.4969561994075775,2
0.8160722255706787,0.6342114806175232,0.7374285459518433,0.6244458556175232,0.7006224989891052,0.5784891843795776,0.6987232565879822,0.5340173840522766,0.7141126990318298,0.5092025995254517,0.7348163723945618,0.5161636471748352,0.7047197222709656,0.44668152928352356,0.690359354019165,0.40703022480010986,0.6825220584869385,0.3750385046005249,0.7732734680175781,0.5003076195716858,0.770460844039917,0.42129015922546387,0.7690019607543945,0.3733869194984436,0.7707667946815491,0.33987125754356384,0.7944638133049011,0.49585363268852234,0.7637041211128235,0.44680148363113403,0.7413486838340759,0.4469165802001953,0.7311775088310242,0.44983142614364624,0.8036826848983765,0.49779242277145386,0.7724276781082153,0.472933292388916,0.7539587020874023,0.4772961437702179,0.7441978454589844,0.4870678782463074,2
0.8169751167297363,0.6380466222763062,0.7368618249893188,0.6261561512947083,0.6980674266815186,0.5774396061897278,0.6982499957084656,0.5331162810325623,0.7166182994842529,0.5107957720756531,0.7378894686698914,0.5184803605079651,0.7050236463546753,0.44476547837257385,0.6908406019210815,0.4054845869541168,0.6837369799613953,0.37356311082839966,0.7754767537117004,0.5023126006126404,0.7712619304656982,0.42178431153297424,0.7686700224876404,0.3738316297531128,0.7708189487457275,0.3413829803466797,0.7959438562393188,0.49991151690483093,0.7604034543037415,0.4530952572822571,0.7364550828933716,0.4606499969959259,0.7264672517776489,0.4704800248146057,0.8045884966850281,0.5040101408958435,0.7739150524139404,0.4798065721988678,0.755385160446167,0.4861085116863251,0.7472327947616577,0.4994840621948242,2
0.824596643447876,0.6385926008224487,0.7407339215278625,0.6245423555374146,0.7033219933509827,0.5773026347160339,0.6996499300003052,0.5393117070198059,0.7128778696060181,0.5158094763755798,0.7393907308578491,0.5111213326454163,0.7058846950531006,0.4428808093070984,0.6924125552177429,0.40385541319847107,0.6864863038063049,0.37164008617401123,0.7743764519691467,0.5004787445068359,0.7713688015937805,0.4234505891799927,0.7713456749916077,0.37570229172706604,0.7750110626220703,0.34225112199783325,0.7933930158615112,0.5013362765312195,0.7545579075813293,0.4682542681694031,0.7339275479316711,0.48973143100738525,0.727924108505249,0.5045068264007568,0.8040966987609863,0.5063115358352661,0.772335410118103,0.49451717734336853,0.7568041682243347,0.5092118978500366,0.7504045963287354,0.5240076780319214,2
0.8197107315063477,0.6350915431976318,0.7380272150039673,0.6167309880256653,0.7050071954727173,0.5703728199005127,0.7037228941917419,0.5306194424629211,0.7186440825462341,0.5071359872817993,0.7372806072235107,0.5064588189125061,0.7106524109840393,0.4391080439090729,0.6971868276596069,0.3991971015930176,0.692343533039093,0.36678028106689453,0.7753834128379822,0.49846214056015015,0.7753012776374817,0.4203357696533203,0.7736961245536804,0.37306249141693115,0.7766435146331787,0.3392850160598755,0.7957333326339722,0.4997709095478058,0.7576640844345093,0.4638286232948303,0.7320082783699036,0.4855477511882782,0.7219005227088928,0.5000766515731812,0.8066626191139221,0.5045789480209351,0.7712080478668213,0.4896427094936371,0.7538464069366455,0.5038694143295288,0.7440778613090515,0.5199257135391235,2
0.818396806716919,0.6352604627609253,0.7373212575912476,0.6178327798843384,0.7039862871170044,0.5688072443008423,0.7060705423355103,0.5266289114952087,0.7241858243942261,0.5030345320701599,0.7390398383140564,0.5067995190620422,0.7112393379211426,0.4399089813232422,0.697851300239563,0.4009524881839752,0.6919212341308594,0.36822670698165894,0.7785448431968689,0.4954932630062103,0.7767293453216553,0.41894662380218506,0.7755754590034485,0.37188059091567993,0.778018593788147,0.3376097083091736,0.799426794052124,0.49604207277297974,0.7658839225769043,0.45546087622642517,0.7394830584526062,0.4675261974334717,0.7272968888282776,0.4779229462146759,0.8095128536224365,0.5015568137168884,0.7771037817001343,0.48096638917922974,0.7597769498825073,0.48869460821151733,0.7509773969650269,0.5020129084587097,2
0.8188797235488892,0.6343989372253418,0.7389571666717529,0.6176930665969849,0.7041916251182556,0.5675821900367737,0.7040798664093018,0.5263000130653381,0.7229366302490234,0.5026703476905823,0.7388936281204224,0.5048419833183289,0.7120453715324402,0.43767601251602173,0.6997802257537842,0.39892375469207764,0.6945571899414062,0.36701077222824097,0.7770860195159912,0.49446141719818115,0.7758723497390747,0.41815441846847534,0.7745887041091919,0.3716682195663452,0.7761239409446716,0.3378490209579468,0.7979414463043213,0.4952995777130127,0.7597731947898865,0.4599078595638275,0.7348252534866333,0.4802558720111847,0.7247751951217651,0.49545806646347046,0.8081971406936646,0.5004428625106812,0.7731197476387024,0.485222727060318,0.7563124299049377,0.498801589012146,0.7489712834358215,0.5155203342437744,2
0.8212047219276428,0.6339011788368225,0.7406833171844482,0.6182205677032471,0.7062453627586365,0.5733513236045837,0.7029967308044434,0.533068060874939,0.7157967686653137,0.5092396140098572,0.7362847328186035,0.5076801180839539,0.7113165855407715,0.4396294355392456,0.6983386278152466,0.39902108907699585,0.6932218670845032,0.3675335645675659,0.7733627557754517,0.49739810824394226,0.7753056883811951,0.4200756549835205,0.7751764059066772,0.37312716245651245,0.7778813242912292,0.33914774656295776,0.7945085167884827,0.4974573850631714,0.7627357840538025,0.4564494788646698,0.7388611435890198,0.4699460566043854,0.7284463047981262,0.4815540611743927,0.8057733774185181,0.5014211535453796,0.7739653587341309,0.48468858003616333,0.7560765147209167,0.4945541024208069,0.7454234957695007,0.5060495138168335,2
0.8213836550712585,0.635183572769165,0.7416808009147644,0.6214391589164734,0.7058279514312744,0.5722161531448364,0.7033203840255737,0.5314742922782898,0.7190302014350891,0.5087950825691223,0.7418932914733887,0.5084945559501648,0.711012065410614,0.4378198981285095,0.6983245611190796,0.3982528746128082,0.6932058334350586,0.3663319945335388,0.7794296741485596,0.4951583743095398,0.7758960723876953,0.418943852186203,0.7752059698104858,0.37272870540618896,0.7780853509902954,0.3406282365322113,0.799584150314331,0.4943936765193939,0.7598495483398438,0.45938095450401306,0.7368278503417969,0.47754672169685364,0.7293096780776978,0.49270325899124146,0.8087012767791748,0.4991399943828583,0.7747290730476379,0.48360568284988403,0.7572227120399475,0.4958612620830536,0.7516903877258301,0.5112006068229675,2
0.8206774592399597,0.6355552673339844,0.7395026683807373,0.6177569031715393,0.7055537104606628,0.5698769688606262,0.7050496339797974,0.531158983707428,0.7190772294998169,0.5095186829566956,0.7397690415382385,0.5019659399986267,0.7121586799621582,0.43587225675582886,0.6992049813270569,0.3978542685508728,0.6935863494873047,0.3673935830593109,0.7770225405693054,0.4940088987350464,0.7776550054550171,0.4185299277305603,0.7764569520950317,0.37356579303741455,0.7781655192375183,0.34128788113594055,0.7974505424499512,0.497111052274704,0.7585009336471558,0.46547526121139526,0.7343231439590454,0.48815593123435974,0.7255190014839172,0.503684937953949,0.8077585101127625,0.503856360912323,0.7727094292640686,0.49341458082199097,0.7552840113639832,0.5089589357376099,0.7475326657295227,0.5253458619117737,2
0.8202717900276184,0.6303099393844604,0.7390695810317993,0.611485481262207,0.7058615684509277,0.5650064945220947,0.7029101848602295,0.5276166796684265,0.7150789499282837,0.5043625831604004,0.7397246956825256,0.49816635251045227,0.7112065553665161,0.4309238791465759,0.6976193189620972,0.39098218083381653,0.6922747492790222,0.35811495780944824,0.7784548997879028,0.4899183511734009,0.7767830491065979,0.4125424921512604,0.7757322192192078,0.36499637365341187,0.7782415747642517,0.32997989654541016,0.7981464266777039,0.49124541878700256,0.758580207824707,0.4553971290588379,0.7334262728691101,0.4748539924621582,0.7235803008079529,0.4880448579788208,0.8076792359352112,0.4959653913974762,0.7724646925926208,0.47882264852523804,0.7559782862663269,0.49060073494911194,0.7482694983482361,0.5055538415908813,2
0.8181456327438354,0.6162583827972412,0.7345646619796753,0.5977662801742554,0.7016155123710632,0.5478700399398804,0.7063547372817993,0.5083746314048767,0.7269085049629211,0.4866797924041748,0.7374717593193054,0.4866176247596741,0.7135204076766968,0.4191833734512329,0.7020395994186401,0.3789306879043579,0.6972581148147583,0.34722834825515747,0.7781428694725037,0.47789621353149414,0.7824392318725586,0.401997447013855,0.7842829823493958,0.3560311198234558,0.7885937690734863,0.3230987787246704,0.8004355430603027,0.477512925863266,0.7718981504440308,0.43203407526016235,0.7474420070648193,0.44136184453964233,0.7360835671424866,0.4489458203315735,0.8127557039260864,0.4797755479812622,0.7821114659309387,0.45645657181739807,0.763841450214386,0.4627017080783844,0.7529024481773376,0.4725172519683838,2
0.8140560984611511,0.6128248572349548,0.7306116223335266,0.5927594304084778,0.7009245753288269,0.5414642095565796,0.708310067653656,0.5025177001953125,0.7283795475959778,0.4798670709133148,0.7387070059776306,0.4841861128807068,0.7140874266624451,0.41877609491348267,0.702473521232605,0.3799010217189789,0.6971285939216614,0.3474549651145935,0.7796382904052734,0.47571614384651184,0.7828603386878967,0.40228569507598877,0.7851933836936951,0.3584659993648529,0.7896053194999695,0.3258911371231079,0.8011366128921509,0.4765187203884125,0.7681639790534973,0.43487390875816345,0.7415807843208313,0.4508777856826782,0.7293767929077148,0.4620312750339508,0.812484622001648,0.4793795049190521,0.7799642086029053,0.45881137251853943,0.7610752582550049,0.46897557377815247,0.7510079145431519,0.4820573627948761,2
0.8167893886566162,0.6157581210136414,0.7351169586181641,0.5977669358253479,0.7024097442626953,0.5474638938903809,0.7066650986671448,0.5057697296142578,0.7282522916793823,0.48313575983047485,0.7367486953735352,0.48941004276275635,0.7133604884147644,0.4221777021884918,0.7026937007904053,0.3816126883029938,0.6977702975273132,0.34916001558303833,0.7779235243797302,0.47899049520492554,0.7826294302940369,0.40407460927963257,0.7861219048500061,0.35829535126686096,0.79094398021698,0.3253984749317169,0.8011288642883301,0.477959543466568,0.7731491923332214,0.43124765157699585,0.7494436502456665,0.4414447844028473,0.7374783754348755,0.45065635442733765,0.8136006593704224,0.48031967878341675,0.7835866212844849,0.4568960666656494,0.7644733190536499,0.4643643796443939,0.7524954676628113,0.4747191071510315,2
0.8180502653121948,0.6133244037628174,0.7372151017189026,0.596612811088562,0.7053743600845337,0.5491928458213806,0.7078437209129333,0.510089099407196,0.7250279188156128,0.4866822361946106,0.7376769781112671,0.48997411131858826,0.7136939167976379,0.4227299392223358,0.7022534608840942,0.3807728886604309,0.6980684995651245,0.347137987613678,0.776089072227478,0.4806792140007019,0.7796453833580017,0.4058701992034912,0.7833977937698364,0.36078721284866333,0.7893084287643433,0.326606810092926,0.7972813844680786,0.47835251688957214,0.7670424580574036,0.4334518611431122,0.7436603903770447,0.4483243525028229,0.7313697934150696,0.4580598473548889,0.809134840965271,0.47864222526550293,0.7783174514770508,0.45845821499824524,0.7600764036178589,0.46710363030433655,0.7471818923950195,0.47792673110961914,2
0.8143254518508911,0.612314760684967,0.732297420501709,0.5947924852371216,0.7013558149337769,0.5463472008705139,0.704578697681427,0.5090116262435913,0.721301794052124,0.48548904061317444,0.739336371421814,0.48578524589538574,0.7128100395202637,0.4197240471839905,0.7016096115112305,0.3805272579193115,0.6970239281654358,0.3479781150817871,0.7789441347122192,0.4778393805027008,0.7809422612190247,0.404866099357605,0.7841753363609314,0.36002349853515625,0.789450466632843,0.3266701102256775,0.7999889254570007,0.4773522913455963,0.7637332081794739,0.44031205773353577,0.7392708659172058,0.46196213364601135,0.7290878891944885,0.4768926501274109,0.8105511665344238,0.4785909950733185,0.7782633900642395,0.4647505283355713,0.7596330642700195,0.47930312156677246,0.7494168281555176,0.4940474033355713,2
0.8151815533638,0.6141461730003357,0.7320609092712402,0.5929129719734192,0.7011916041374207,0.5448294878005981,0.706565260887146,0.5065637826919556,0.7278128266334534,0.4844246804714203,0.7378832697868347,0.48747798800468445,0.7146193981170654,0.42089706659317017,0.7029014229774475,0.3809458613395691,0.6979748010635376,0.3485317826271057,0.7777829170227051,0.479566365480423,0.7811895608901978,0.40499743819236755,0.783501386642456,0.35953086614608765,0.7882612347602844,0.3257873058319092,0.7997013330459595,0.47937577962875366,0.7678310871124268,0.4373891055583954,0.7423565983772278,0.4514584541320801,0.7301541566848755,0.46192216873168945,0.8115880489349365,0.4815053641796112,0.7796205282211304,0.46050918102264404,0.7613376975059509,0.46943265199661255,0.7498672008514404,0.48174208402633667,2
0.8163456916809082,0.615887463092804,0.7332696318626404,0.5970520377159119,0.7025782465934753,0.54535973072052,0.7078557014465332,0.5048209428787231,0.7263794541358948,0.4820990562438965,0.7384878396987915,0.4864743649959564,0.7134934663772583,0.4192398190498352,0.701570987701416,0.3794228434562683,0.6963497996330261,0.3470801115036011,0.7801382541656494,0.477359414100647,0.7820144295692444,0.404202401638031,0.7840238809585571,0.35907840728759766,0.7883356809616089,0.32596445083618164,0.8021172881126404,0.47765615582466125,0.7715193629264832,0.43206506967544556,0.744559109210968,0.4413074254989624,0.730797529220581,0.44918447732925415,0.8130464553833008,0.4805585741996765,0.7801336646080017,0.4578202962875366,0.7604183554649353,0.4642309248447418,0.7482496500015259,0.4748620092868805,2
0.8163688778877258,0.615261435508728,0.7347560524940491,0.5957493782043457,0.701706051826477,0.5469417572021484,0.7070876955986023,0.5060866475105286,0.7267069220542908,0.482126921415329,0.7362734079360962,0.4865942597389221,0.7134200930595398,0.4203760623931885,0.7025191783905029,0.3811994791030884,0.6979169845581055,0.34907275438308716,0.776742696762085,0.47846171259880066,0.7814058661460876,0.4046895205974579,0.7838134169578552,0.3596177101135254,0.7884517908096313,0.3267190456390381,0.7993395328521729,0.4791627824306488,0.7696571350097656,0.4377381503582001,0.7438366413116455,0.4508112072944641,0.73086017370224,0.4611644744873047,0.8120281100273132,0.4825442135334015,0.7812032103538513,0.4602383077144623,0.7626519203186035,0.46887147426605225,0.7506569623947144,0.4810020625591278,2
0.8156661987304688,0.62142014503479,0.7349966764450073,0.6021963953971863,0.7006561160087585,0.5515687465667725,0.7063755989074707,0.5114254951477051,0.7287329435348511,0.49165078997612,0.7409673929214478,0.49015793204307556,0.7134867310523987,0.4200765788555145,0.7009400725364685,0.38097697496414185,0.6950206756591797,0.3491794466972351,0.7824531197547913,0.48002833127975464,0.7822754979133606,0.40408334136009216,0.7842698693275452,0.3584520220756531,0.7888934016227722,0.32611188292503357,0.8042908310890198,0.4811086058616638,0.7689058184623718,0.44258567690849304,0.7426484227180481,0.45840850472450256,0.7311860918998718,0.4714110195636749,0.8134207129478455,0.4861563742160797,0.7804474234580994,0.4681345224380493,0.7620089650154114,0.4783174991607666,0.7536954283714294,0.49355462193489075,2
0.8192999958992004,0.6213009357452393,0.7357060313224792,0.6040579080581665,0.6990625858306885,0.5527186989784241,0.7016283869743347,0.5108816027641296,0.721790611743927,0.4886140525341034,0.738358736038208,0.4893324673175812,0.7126404047012329,0.41933274269104004,0.7013718485832214,0.37975579500198364,0.6956160068511963,0.3476770520210266,0.7791640162467957,0.4793225824832916,0.7813485264778137,0.4030693769454956,0.7823455333709717,0.3584025502204895,0.7853108644485474,0.32696086168289185,0.8011354804039001,0.4802495241165161,0.7670481204986572,0.4408063292503357,0.7405103445053101,0.4552876949310303,0.7295953035354614,0.46796169877052307,0.8120288848876953,0.48527413606643677,0.7789101004600525,0.466700941324234,0.7592499852180481,0.47684940695762634,0.7495846152305603,0.48956790566444397,2
0.8165627717971802,0.6173621416091919,0.7336460947990417,0.596751868724823,0.7041898369789124,0.5472907423973083,0.7095332145690918,0.5142586827278137,0.7253066897392273,0.49348241090774536,0.7373955845832825,0.4811522364616394,0.7117770910263062,0.41849496960639954,0.6989688277244568,0.37990811467170715,0.6941036581993103,0.3495027422904968,0.775110125541687,0.4787699580192566,0.7795916795730591,0.4059995412826538,0.7816990613937378,0.36240434646606445,0.786318838596344,0.3291390538215637,0.7960982918739319,0.4833700954914093,0.76265949010849,0.4490976333618164,0.7374287843704224,0.47266045212745667,0.7265987992286682,0.4858737289905548,0.8082510828971863,0.4877261221408844,0.775813102722168,0.4732469916343689,0.7572940587997437,0.4878649413585663,0.7471709251403809,0.5034924149513245,2
0.8170527219772339,0.6221168637275696,0.736427366733551,0.6055113077163696,0.699823796749115,0.5532196164131165,0.7045308947563171,0.5134469270706177,0.7257367372512817,0.49292871356010437,0.7414549589157104,0.49530723690986633,0.7122114896774292,0.4230903387069702,0.7001723051071167,0.38368287682533264,0.6940474510192871,0.3515506982803345,0.78154456615448,0.48160839080810547,0.7814537882804871,0.40502867102622986,0.7830183506011963,0.358914315700531,0.7869127988815308,0.32770001888275146,0.8033003211021423,0.4802873730659485,0.7672784328460693,0.44453534483909607,0.7424602508544922,0.4566625654697418,0.7325284481048584,0.4691937565803528,0.8134210705757141,0.4846743941307068,0.7804062366485596,0.4672572612762451,0.7624419331550598,0.4767972528934479,0.7559872269630432,0.49152272939682007,2
0.8176558017730713,0.6212775707244873,0.7352622151374817,0.6044119000434875,0.7010290026664734,0.5541080832481384,0.7037586569786072,0.5129507184028625,0.7244019508361816,0.4913102686405182,0.7367249727249146,0.48893994092941284,0.7120487689971924,0.4210096597671509,0.7005323767662048,0.3819099962711334,0.6959503293037415,0.3503457307815552,0.7780272364616394,0.47937917709350586,0.779228687286377,0.40468448400497437,0.7806189656257629,0.35815995931625366,0.7848080396652222,0.32476603984832764,0.8010539412498474,0.4808301627635956,0.7672919034957886,0.4394000768661499,0.7405791878700256,0.4515587091445923,0.7279155850410461,0.46234217286109924,0.8124086260795593,0.4860287010669708,0.7793387770652771,0.4643321931362152,0.76056307554245,0.4717543125152588,0.7499433755874634,0.48460638523101807,2
