{
  "accuracy": [
    0.9295558929443359,
    0.9479326009750366,
    0.9509953856468201,
    0.9525268077850342,
    0.9509953856468201,
    0.9601837396621704,
    0.9678407311439514,
    0.9509953856468201,
    0.9586523771286011,
    0.9709035158157349,
    0.9678407311439514,
    0.9555895924568176,
    0.9617151618003845,
    0.9770290851593018,
    0.9663093686103821,
    0.972434937953949,
    0.9739663004875183,
    0.9693721532821655,
    0.9770290851593018,
    0.9754977226257324
  ],
  "loss": [
    0.25720909237861633,
    0.2039697915315628,
    0.17977680265903473,
    0.1861632615327835,
    0.16681291162967682,
    0.15742434561252594,
    0.13888563215732574,
    0.1557702273130417,
    0.12684600055217743,
    0.11775200814008713,
    0.13699403405189514,
    0.13678927719593048,
    0.1498011350631714,
    0.09749017655849457,
    0.11956063657999039,
    0.09118565917015076,
    0.10880748182535172,
    0.09248342365026474,
    0.08663071691989899,
    0.08032571524381638
  ],
  "precision": [
    0.9605262875556946,
    0.9679999947547913,
    0.9700787663459778,
    0.962382435798645,
    0.965299665927887,
    0.9658384919166565,
    0.9719188809394836,
    0.9624413251876831,
    0.9701727032661438,
    0.9797507524490356,
    0.9751166701316833,
    0.9686028361320496,
    0.9673405885696411,
    0.9844720363616943,
    0.9735614061355591,
    0.984375,
    0.9783281683921814,
    0.9767801761627197,
    0.9829457402229309,
    0.9769230484962463
  ],
  "recall": [
    0.8943338394165039,
    0.9264931082725525,
    0.9433384537696838,
    0.9402756690979004,
    0.9372128844261169,
    0.9525268077850342,
    0.9540581703186035,
    0.9418070316314697,
    0.9464012384414673,
    0.9632465839385986,
    0.9601837396621704,
    0.9448698163032532,
    0.9525268077850342,
    0.9709035158157349,
    0.9586523771286011,
    0.964777946472168,
    0.9678407311439514,
    0.9663093686103821,
    0.9709035158157349,
    0.972434937953949
  ],
  "val_accuracy": [
    0.6438356041908264,
    0.6438356041908264,
    0.7260273694992065,
    0.8219178318977356,
    0.835616409778595,
    0.9041095972061157,
    0.9589040875434875,
    0.9863013625144958,
    0.9863013625144958,
    0.9863013625144958,
    0.9863013625144958,
    0.9863013625144958,
    0.9863013625144958,
    0.9863013625144958,
    0.9863013625144958,
    0.9863013625144958,
    0.9863013625144958,
    0.9863013625144958,
    0.9726027250289917,
    0.9863013625144958
  ],
  "val_loss": [
    0.9511505365371704,
    0.8379702568054199,
    0.7130957841873169,
    0.6057602167129517,
    0.5349818468093872,
    0.4027547836303711,
    0.3111458420753479,
    0.24270480871200562,
    0.14743101596832275,
    0.150132417678833,
    0.11365774273872375,
    0.10738313943147659,
    0.07539936155080795,
    0.0589495413005352,
    0.02488364838063717,
    0.04151850938796997,
    0.048127107322216034,
    0.0485474057495594,
    0.0602579303085804,
    0.039116136729717255
  ],
  "val_precision": [
    1.0,
    1.0,
    1.0,
    0.936170220375061,
    0.9375,
    0.9833333492279053,
    0.9848484992980957,
    0.98591548204422,
    0.9863013625144958,
    0.9863013625144958,
    0.9863013625144958,
    0.9861111044883728,
    0.9863013625144958,
    0.9863013625144958,
    0.9863013625144958,
    0.9863013625144958,
    0.9863013625144958,
    0.9863013625144958,
    0.9726027250289917,
    0.9863013625144958
  ],
  "val_recall": [
    0.45205479860305786,
    0.4931506812572479,
    0.5479452013969421,
    0.6027397513389587,
    0.6164383292198181,
    0.8082191944122314,
    0.8904109597206116,
    0.9589040875434875,
    0.9863013625144958,
    0.9863013625144958,
    0.9863013625144958,
    0.9726027250289917,
    0.9863013625144958,
    0.9863013625144958,
    0.9863013625144958,
    0.9863013625144958,
    0.9863013625144958,
    0.9863013625144958,
    0.9726027250289917,
    0.9863013625144958
  ],
  "learning_rate": [
    0.0010000000474974513,
    0.0010000000474974513,
    0.0010000000474974513,
    0.0010000000474974513,
    0.0010000000474974513,
    0.0010000000474974513,
    0.0010000000474974513,
    0.0010000000474974513,
    0.0010000000474974513,
    0.0010000000474974513,
    0.0010000000474974513,
    0.0010000000474974513,
    0.0010000000474974513,
    0.0010000000474974513,
    0.0010000000474974513,
    0.0010000000474974513,
    0.0010000000474974513,
    0.0010000000474974513,
    0.0010000000474974513,
    0.0010000000474974513
  ]
}