{
  "accuracy": [
    0.8312441110610962,
    0.9559699296951294,
    0.9653713703155518,
    0.9700720906257629,
    0.9730492234230042,
    0.9749295115470886,
    0.9771231412887573,
    0.9785333871841431,
    0.9813538193702698,
    0.9794735312461853,
    0.9815105199813843,
    0.9790034294128418,
    0.9846442937850952,
    0.9827640056610107,
    0.9833908081054688,
    0.9851143956184387,
    0.981980562210083,
    0.9852710962295532,
    0.9877781271934509,
    0.9838608503341675
  ],
  "loss": [
    0.4547140598297119,
    0.14496846497058868,
    0.09877733886241913,
    0.09060521423816681,
    0.07744639366865158,
    0.07205063104629517,
    0.07128020375967026,
    0.0679599717259407,
    0.06354761868715286,
    0.06687293201684952,
    0.0553671270608902,
    0.06277759373188019,
    0.054752763360738754,
    0.05416417121887207,
    0.05554121360182762,
    0.043858274817466736,
    0.0579514354467392,
    0.047306936234235764,
    0.0373564213514328,
    0.04782397672533989
  ],
  "precision": [
    0.856690526008606,
    0.9604992866516113,
    0.9688041806221008,
    0.9712309241294861,
    0.9756135940551758,
    0.9762839674949646,
    0.9780254364013672,
    0.9795886278152466,
    0.9825663566589355,
    0.9799184203147888,
    0.9828858375549316,
    0.9799152612686157,
    0.9855663776397705,
    0.9833673238754272,
    0.9841544032096863,
    0.9855709075927734,
    0.9824258685112,
    0.9861852526664734,
    0.988392174243927,
    0.9847747683525085
  ],
  "recall": [
    0.8055468797683716,
    0.9525226950645447,
    0.9634910821914673,
    0.968035101890564,
    0.9716389775276184,
    0.9739893674850464,
    0.9763396978378296,
    0.9775932431221008,
    0.980256974697113,
    0.9786900877952576,
    0.9808837175369263,
    0.9785333871841431,
    0.984330952167511,
    0.981980562210083,
    0.9829207062721252,
    0.9846442937850952,
    0.9810404181480408,
    0.984330952167511,
    0.9873080253601074,
    0.9830774068832397
  ],
  "val_accuracy": [
    0.7619718313217163,
    0.9760563373565674,
    0.9929577708244324,
    0.9943661689758301,
    0.9985915422439575,
    0.9957746267318726,
    0.9985915422439575,
    0.9957746267318726,
    0.997183084487915,
    1.0,
    1.0,
    0.997183084487915,
    0.9943661689758301,
    0.9985915422439575,
    0.9957746267318726,
    1.0,
    0.997183084487915,
    0.997183084487915,
    0.9985915422439575,
    1.0
  ],
  "val_loss": [
    0.6369755864143372,
    0.11088653653860092,
    0.019973544403910637,
    0.018892675638198853,
    0.008071159943938255,
    0.011594045907258987,
    0.008119743317365646,
    0.009429385885596275,
    0.013051465153694153,
    0.004771696403622627,
    0.0041159093379974365,
    0.006179646588861942,
    0.015189426019787788,
    0.005140660330653191,
    0.010038051754236221,
    0.0034454509150236845,
    0.006124588660895824,
    0.00696793757379055,
    0.003009428735822439,
    0.0031552936416119337
  ],
  "val_precision": [
    0.7797619104385376,
    0.9786931872367859,
    0.9929577708244324,
    0.9943661689758301,
    0.9985915422439575,
    0.9957746267318726,
    0.9985915422439575,
    0.9957746267318726,
    0.997183084487915,
    1.0,
    1.0,
    0.997183084487915,
    0.9943661689758301,
    1.0,
    0.9957627058029175,
    1.0,
    0.997183084487915,
    1.0,
    0.9985915422439575,
    1.0
  ],
  "val_recall": [
    0.7380281686782837,
    0.9704225063323975,
    0.9929577708244324,
    0.9943661689758301,
    0.9985915422439575,
    0.9957746267318726,
    0.9985915422439575,
    0.9957746267318726,
    0.997183084487915,
    1.0,
    1.0,
    0.997183084487915,
    0.9943661689758301,
    0.9985915422439575,
    0.9929577708244324,
    1.0,
    0.997183084487915,
    0.997183084487915,
    0.9985915422439575,
    1.0
  ],
  "learning_rate": [
    0.0010000000474974513,
    0.0010000000474974513,
    0.0010000000474974513,
    0.0010000000474974513,
    0.0010000000474974513,
    0.0010000000474974513,
    0.0010000000474974513,
    0.0010000000474974513,
    0.0010000000474974513,
    0.0010000000474974513,
    0.0010000000474974513,
    0.0010000000474974513,
    0.0010000000474974513,
    0.0010000000474974513,
    0.0010000000474974513,
    0.0010000000474974513,
    0.0010000000474974513,
    0.0010000000474974513,
    0.0010000000474974513,
    0.0010000000474974513
  ]
}