{
  "accuracy": [
    0.8542242050170898,
    0.9696300625801086,
    0.981225848197937,
    0.9817780256271362,
    0.9889563918113708,
    0.9928216338157654,
    0.9878520369529724,
    0.9895085692405701,
    0.9911651015281677,
    0.9933738112449646,
    0.9939259886741638,
    0.9906129240989685,
    0.9939259886741638,
    0.9889563918113708,
    0.9895085692405701,
    0.9922694563865662,
    0.9922694563865662,
    0.9966869354248047,
    0.9961347579956055,
    0.9933738112449646
  ],
  "loss": [
    0.35961562395095825,
    0.09614403545856476,
    0.06779923290014267,
    0.05647117644548416,
    0.037973642349243164,
    0.029958575963974,
    0.032155342400074005,
    0.03675675019621849,
    0.030202718451619148,
    0.019663497805595398,
    0.021306751295924187,
    0.031026171520352364,
    0.024305641651153564,
    0.04065509885549545,
    0.02748013101518154,
    0.02266545407474041,
    0.026340609416365623,
    0.009864076972007751,
    0.012279977090656757,
    0.022154374048113823
  ],
  "precision": [
    0.8542242050170898,
    0.9696300625801086,
    0.981225848197937,
    0.9817780256271362,
    0.9889563918113708,
    0.9928216338157654,
    0.9878520369529724,
    0.9895085692405701,
    0.9911651015281677,
    0.9933738112449646,
    0.9939259886741638,
    0.9906129240989685,
    0.9939259886741638,
    0.9889563918113708,
    0.9895085692405701,
    0.9922694563865662,
    0.9922694563865662,
    0.9966869354248047,
    0.9961347579956055,
    0.9933738112449646
  ],
  "recall": [
    0.8542242050170898,
    0.9696300625801086,
    0.981225848197937,
    0.9817780256271362,
    0.9889563918113708,
    0.9928216338157654,
    0.9878520369529724,
    0.9895085692405701,
    0.9911651015281677,
    0.9933738112449646,
    0.9939259886741638,
    0.9906129240989685,
    0.9939259886741638,
    0.9889563918113708,
    0.9895085692405701,
    0.9922694563865662,
    0.9922694563865662,
    0.9966869354248047,
    0.9961347579956055,
    0.9933738112449646
  ],
  "val_accuracy": [
    0.9603960514068604,
    0.9603960514068604,
    0.9603960514068604,
    0.9603960514068604,
    0.9554455280303955,
    0.9752475023269653,
    0.9752475023269653,
    0.9950494766235352,
    0.9900990128517151,
    0.9950494766235352,
    0.9950494766235352,
    0.9950494766235352,
    0.9950494766235352,
    0.9900990128517151,
    0.9950494766235352,
    0.9950494766235352,
    0.9950494766235352,
    0.9950494766235352,
    0.9950494766235352,
    0.9950494766235352
  ],
  "val_loss": [
    0.571036696434021,
    0.42590102553367615,
    0.27481964230537415,
    0.1802724301815033,
    0.15969248116016388,
    0.08421682566404343,
    0.08904802054166794,
    0.029876666143536568,
    0.03503497689962387,
    0.03221919760107994,
    0.02857006900012493,
    0.02786247618496418,
    0.026649348437786102,
    0.044299326837062836,
    0.023447595536708832,
    0.01894104667007923,
    0.016366736963391304,
    0.020330024883151054,
    0.02439938113093376,
    0.017243338748812675
  ],
  "val_precision": [
    0.9603960514068604,
    0.9603960514068604,
    0.9603960514068604,
    0.9603960514068604,
    0.9554455280303955,
    0.9752475023269653,
    0.9752475023269653,
    0.9950494766235352,
    0.9900990128517151,
    0.9950494766235352,
    0.9950494766235352,
    0.9950494766235352,
    0.9950494766235352,
    0.9900990128517151,
    0.9950494766235352,
    0.9950494766235352,
    0.9950494766235352,
    0.9950494766235352,
    0.9950494766235352,
    0.9950494766235352
  ],
  "val_recall": [
    0.9603960514068604,
    0.9603960514068604,
    0.9603960514068604,
    0.9603960514068604,
    0.9554455280303955,
    0.9752475023269653,
    0.9752475023269653,
    0.9950494766235352,
    0.9900990128517151,
    0.9950494766235352,
    0.9950494766235352,
    0.9950494766235352,
    0.9950494766235352,
    0.9900990128517151,
    0.9950494766235352,
    0.9950494766235352,
    0.9950494766235352,
    0.9950494766235352,
    0.9950494766235352,
    0.9950494766235352
  ],
  "learning_rate": [
    0.0010000000474974513,
    0.0010000000474974513,
    0.0010000000474974513,
    0.0010000000474974513,
    0.0010000000474974513,
    0.0010000000474974513,
    0.0010000000474974513,
    0.0010000000474974513,
    0.0010000000474974513,
    0.0010000000474974513,
    0.0010000000474974513,
    0.0010000000474974513,
    0.0010000000474974513,
    0.0010000000474974513,
    0.0010000000474974513,
    0.0010000000474974513,
    0.0010000000474974513,
    0.0010000000474974513,
    0.0010000000474974513,
    0.0010000000474974513
  ]
}