{
  "accuracy": [
    0.3231240510940552,
    0.586523711681366,
    0.6523736715316772,
    0.7702909708023071,
    0.860643208026886,
    0.8943338394165039,
    0.9035221934318542,
    0.9264931082725525,
    0.9387442469596863,
    0.9448698163032532,
    0.9494640231132507,
    0.9586523771286011,
    0.964777946472168,
    0.964777946472168,
    0.964777946472168,
    0.9754977226257324,
    0.9601837396621704,
    0.9678407311439514,
    0.9709035158157349,
    0.9800918698310852,
    0.9831546545028687,
    0.9754977226257324,
    0.9770290851593018,
    0.9846860766410828,
    0.9785605072975159
  ],
  "loss": [
    1.6429959535598755,
    1.1729580163955688,
    0.966633141040802,
    0.7638413310050964,
    0.5931287407875061,
    0.491153746843338,
    0.4366302192211151,
    0.34382256865501404,
    0.2960626184940338,
    0.24940483272075653,
    0.22564727067947388,
    0.21470530331134796,
    0.20900243520736694,
    0.17894448339939117,
    0.1660522073507309,
    0.15227682888507843,
    0.17200224101543427,
    0.14738421142101288,
    0.12642276287078857,
    0.11940640211105347,
    0.11371034383773804,
    0.1294044554233551,
    0.12292944639921188,
    0.08478071540594101,
    0.0956694632768631
  ],
  "precision": [
    0.4266666769981384,
    0.7853403091430664,
    0.8273381590843201,
    0.9197860956192017,
    0.944915235042572,
    0.9505703449249268,
    0.9392856955528259,
    0.9612141847610474,
    0.9731543660163879,
    0.9721311330795288,
    0.9754500985145569,
    0.9727563858032227,
    0.9789643883705139,
    0.9792332053184509,
    0.9808917045593262,
    0.9813084006309509,
    0.9700787663459778,
    0.9777424335479736,
    0.979687511920929,
    0.9844236969947815,
    0.9860896468162537,
    0.9766718745231628,
    0.9829721450805664,
    0.9860681295394897,
    0.9813953638076782
  ],
  "recall": [
    0.09800919145345688,
    0.22970902919769287,
    0.3522205352783203,
    0.5267993807792664,
    0.6830015182495117,
    0.7656967639923096,
    0.8055130243301392,
    0.8728943467140198,
    0.888208270072937,
    0.9081164002418518,
    0.9127105474472046,
    0.9295558929443359,
    0.9264931082725525,
    0.9387442469596863,
    0.9433384537696838,
    0.964777946472168,
    0.9433384537696838,
    0.9418070316314697,
    0.9601837396621704,
    0.9678407311439514,
    0.9770290851593018,
    0.9617151618003845,
    0.972434937953949,
    0.9754977226257324,
    0.9693721532821655
  ],
  "val_accuracy": [
    0.5068492889404297,
    0.6164383292198181,
    0.534246563911438,
    0.6575342416763306,
    0.6849315166473389,
    0.6849315166473389,
    0.7123287916183472,
    0.767123281955719,
    0.8219178318977356,
    0.7945205569267273,
    0.8219178318977356,
    0.8493150472640991,
    0.8904109597206116,
    0.9178082346916199,
    0.9452054500579834,
    0.9726027250289917,
    0.9452054500579834,
    0.9726027250289917,
    0.9726027250289917,
    0.9726027250289917,
    0.9726027250289917,
    0.9726027250289917,
    0.9726027250289917,
    0.9863013625144958,
    0.9863013625144958
  ],
  "val_loss": [
    1.5496169328689575,
    1.4973080158233643,
    1.4405887126922607,
    1.3902307748794556,
    1.3353418111801147,
    1.2742254734039307,
    1.2005997896194458,
    1.1319239139556885,
    1.0666704177856445,
    0.9814156293869019,
    0.8975688219070435,
    0.8210160136222839,
    0.7254049777984619,
    0.6293533444404602,
    0.533821165561676,
    0.4347181022167206,
    0.38559427857398987,
    0.2923716604709625,
    0.23862075805664062,
    0.1786237508058548,
    0.13661575317382812,
    0.12090045213699341,
    0.10168701410293579,
    0.08919272571802139,
    0.07806036621332169
  ],
  "val_precision": [
    0.0,
    0.0,
    0.0,
    0.0,
    0.0,
    0.0,
    0.0,
    1.0,
    1.0,
    1.0,
    1.0,
    0.9642857313156128,
    0.9767441749572754,
    0.982758641242981,
    0.9833333492279053,
    0.9841269850730896,
    0.9852941036224365,
    0.9861111044883728,
    0.9857142567634583,
    0.9861111044883728,
    0.9861111044883728,
    0.9861111044883728,
    0.9861111044883728,
    0.9861111044883728,
    0.9863013625144958
  ],
  "val_recall": [
    0.0,
    0.0,
    0.0,
    0.0,
    0.0,
    0.0,
    0.0,
    0.027397260069847107,
    0.10958904027938843,
    0.21917808055877686,
    0.3287671208381653,
    0.36986300349235535,
    0.5753424763679504,
    0.7808219194412231,
    0.8082191944122314,
    0.8493150472640991,
    0.9178082346916199,
    0.9726027250289917,
    0.9452054500579834,
    0.9726027250289917,
    0.9726027250289917,
    0.9726027250289917,
    0.9726027250289917,
    0.9726027250289917,
    0.9863013625144958
  ],
  "learning_rate": [
    0.0010000000474974513,
    0.0010000000474974513,
    0.0010000000474974513,
    0.0010000000474974513,
    0.0010000000474974513,
    0.0010000000474974513,
    0.0010000000474974513,
    0.0010000000474974513,
    0.0010000000474974513,
    0.0010000000474974513,
    0.0010000000474974513,
    0.0010000000474974513,
    0.0010000000474974513,
    0.0010000000474974513,
    0.0010000000474974513,
    0.0010000000474974513,
    0.0010000000474974513,
    0.0010000000474974513,
    0.0010000000474974513,
    0.0010000000474974513,
    0.0010000000474974513,
    0.0010000000474974513,
    0.0010000000474974513,
    0.0010000000474974513,
    0.0010000000474974513
  ]
}