{
  "accuracy": [
    0.41852861642837524,
    0.7024523019790649,
    0.7923705577850342,
    0.8534060120582581,
    0.8866484761238098,
    0.9106267094612122,
    0.9226158261299133,
    0.9313351511955261,
    0.9465939998626709,
    0.9493188261985779,
    0.9569482207298279,
    0.9580381512641907,
    0.9585831165313721,
    0.9564032554626465,
    0.9623978137969971,
    0.9700272679328918,
    0.9705722332000732,
    0.965122640132904,
    0.965122640132904,
    0.9732969999313354,
    0.9732969999313354,
    0.9705722332000732,
    0.9771116971969604,
    0.9749318957328796,
    0.9711171388626099,
    0.9771116971969604,
    0.9814714193344116,
    0.975476861000061,
    0.9716621041297913,
    0.983106255531311,
    0.9798365235328674,
    0.9776566624641418,
    0.9820163249969482,
    0.9885558485984802,
    0.9874659180641174,
    0.9782016277313232,
    0.9885558485984802,
    0.979291558265686,
    0.983106255531311,
    0.9863760471343994,
    0.9874659180641174,
    0.9847411513328552,
    0.9798365235328674,
    0.9809264540672302,
    0.9885558485984802,
    0.986920952796936,
    0.9825612902641296,
    0.989645779132843,
    0.9863760471343994,
    0.9852861166000366
  ],
  "loss": [
    1.8309202194213867,
    1.19134521484375,
    0.8846274614334106,
    0.6775397658348083,
    0.542672336101532,
    0.4596547782421112,
    0.3942752778530121,
    0.3245566487312317,
    0.28173500299453735,
    0.26192858815193176,
    0.21839340031147003,
    0.21037083864212036,
    0.19327525794506073,
    0.17754371464252472,
    0.17381508648395538,
    0.14601370692253113,
    0.13265922665596008,
    0.1406504213809967,
    0.1381058245897293,
    0.11906712502241135,
    0.11689942330121994,
    0.10161027312278748,
    0.10140950977802277,
    0.10086741298437119,
    0.11261410266160965,
    0.08768793940544128,
    0.08482958376407623,
    0.08579802513122559,
    0.1006895899772644,
    0.07541124522686005,
    0.08635411411523819,
    0.08235126733779907,
    0.07034894824028015,
    0.06434690952301025,
    0.052832506597042084,
    0.07428207993507385,
    0.058514583855867386,
    0.06764344871044159,
    0.059473734349012375,
    0.06468087434768677,
    0.04963859170675278,
    0.06162646785378456,
    0.06691304594278336,
    0.06920652836561203,
    0.05294790491461754,
    0.05320888012647629,
    0.05573166161775589,
    0.050356537103652954,
    0.05295547842979431,
    0.05358140915632248
  ],
  "precision": [
    0.8681818246841431,
    0.9527971744537354,
    0.9484083652496338,
    0.9603375792503357,
    0.9577259421348572,
    0.9582505226135254,
    0.9577286839485168,
    0.9681567549705505,
    0.971614420413971,
    0.9657772779464722,
    0.9680729508399963,
    0.9771559238433838,
    0.9738785028457642,
    0.9711211919784546,
    0.9708356857299805,
    0.9787946343421936,
    0.9783092141151428,
    0.9737723469734192,
    0.9766407012939453,
    0.9811215996742249,
    0.9789006114006042,
    0.9795354008674622,
    0.9839513301849365,
    0.9839067459106445,
    0.9778516292572021,
    0.9817981123924255,
    0.9834892749786377,
    0.9801543354988098,
    0.9779614210128784,
    0.9873347878456116,
    0.9845730066299438,
    0.9834619760513306,
    0.9862712621688843,
    0.9912184476852417,
    0.9895947575569153,
    0.9807903170585632,
    0.9911991357803345,
    0.9840396046638489,
    0.9873765110969543,
    0.9884994626045227,
    0.9912136197090149,
    0.9879187345504761,
    0.9862561821937561,
    0.9851566553115845,
    0.9901585578918457,
    0.9884868264198303,
    0.9868276715278625,
    0.9917988181114197,
    0.9895661473274231,
    0.9873834252357483
  ],
  "recall": [
    0.10408719629049301,
    0.29700273275375366,
    0.47084468603134155,
    0.6201635003089905,
    0.7160763144493103,
    0.7880108952522278,
    0.8272479772567749,
    0.8615803718566895,
    0.8953678607940674,
    0.9073569774627686,
    0.9253405928611755,
    0.9324250817298889,
    0.9346048831939697,
    0.9346048831939697,
    0.9433242678642273,
    0.9558582901954651,
    0.9585831165313721,
    0.9509536623954773,
    0.9569482207298279,
    0.9629427790641785,
    0.9607629179954529,
    0.965122640132904,
    0.968937337398529,
    0.9662125110626221,
    0.9623978137969971,
    0.9700272679328918,
    0.9738419651985168,
    0.968937337398529,
    0.9673024415969849,
    0.9771116971969604,
    0.9738419651985168,
    0.9722070693969727,
    0.9787465929985046,
    0.9841961860656738,
    0.9847411513328552,
    0.9738419651985168,
    0.9820163249969482,
    0.9743869304656982,
    0.9803814888000488,
    0.9836512207984924,
    0.9836512207984924,
    0.9803814888000488,
    0.9776566624641418,
    0.976566731929779,
    0.986920952796936,
    0.9825612902641296,
    0.9798365235328674,
    0.9885558485984802,
    0.9820163249969482,
    0.9809264540672302
  ],
  "val_accuracy": [
    0.6884531378746033,
    0.8758170008659363,
    0.912854015827179,
    0.9738562107086182,
    0.9716775417327881,
    0.984749436378479,
    0.984749436378479,
    0.9869281053543091,
    0.9869281053543091,
    0.9912853837013245,
    0.9651415944099426,
    0.9803921580314636,
    0.9869281053543091,
    0.9825708270072937,
    0.9934640526771545,
    0.9934640526771545,
    0.9934640526771545,
    0.9934640526771545,
    0.9912853837013245,
    0.9956427216529846,
    0.9978213310241699,
    0.9956427216529846,
    0.9934640526771545,
    0.9956427216529846,
    0.9956427216529846,
    0.9934640526771545,
    0.9978213310241699,
    0.9956427216529846,
    0.9956427216529846,
    0.9978213310241699,
    0.9956427216529846,
    0.9956427216529846,
    0.9978213310241699,
    0.9956427216529846,
    0.9934640526771545,
    0.9934640526771545,
    0.9934640526771545,
    0.9978213310241699,
    0.9956427216529846,
    0.9956427216529846,
    0.9956427216529846,
    0.9956427216529846,
    0.9956427216529846,
    0.9956427216529846,
    0.9956427216529846,
    0.9956427216529846,
    0.9956427216529846,
    0.9934640526771545,
    0.9912853837013245,
    0.9978213310241699
  ],
  "val_loss": [
    1.670245885848999,
    1.1493287086486816,
    0.76143878698349,
    0.5140847563743591,
    0.30971500277519226,
    0.23715852200984955,
    0.1693350076675415,
    0.11121556162834167,
    0.08427947759628296,
    0.08499287068843842,
    0.08966843783855438,
    0.08247514814138412,
    0.058101482689380646,
    0.06444057822227478,
    0.04031217470765114,
    0.02929559163749218,
    0.027155917137861252,
    0.02972252108156681,
    0.028206607326865196,
    0.02377624809741974,
    0.01886558346450329,
    0.025761302560567856,
    0.02034737542271614,
    0.022228961810469627,
    0.017503641545772552,
    0.020473187789320946,
    0.01449690479785204,
    0.01817009039223194,
    0.026686985045671463,
    0.015618120320141315,
    0.019362254068255424,
    0.02239188365638256,
    0.016042282804846764,
    0.018383460119366646,
    0.02493409998714924,
    0.031028172001242638,
    0.02030053734779358,
    0.015075667761266232,
    0.01868521049618721,
    0.017812686040997505,
    0.020373361185193062,
    0.017637811601161957,
    0.013026546686887741,
    0.023987824097275734,
    0.018802421167492867,
    0.029955994337797165,
    0.016462279483675957,
    0.02497725933790207,
    0.028123481199145317,
    0.016411110758781433
  ],