{
  "input_dim": 42,
  "num_classes": 5,
  "class_names": [
    1,
    2,
    3,
    4,
    5
  ],
  "cv_scores": [
    0.9863013625144958,
    1.0,
    0.9931034445762634,
    0.9793103337287903,
    0.9931034445762634
  ],
  "best_fold": 