{
  "input_dim": 42,
  "num_classes": 12,
  "class_names": [
    "Thumb_Down",
    "Thumb_Up",
    "a",
    "b",
    "c",
    "d",
    "e",
    "eat",
    "like",
    "me",
    "nasi_lemak",
    "you"
  ],
  "cv_scores": [
    0.9978213310241699,
    0.9956427216529846,
    0.9978213310241699,
    0.9912853837013245,
    0.9978166222572327
  ],
  "best_fold": 