{
  "accuracy": [
    0.27710843086242676,
    0.4956970810890198,
    0.6557658910751343,
    0.7039586901664734,
    0.7779690027236938,
    0.848537027835846,
    0.8760757446289062,
    0.8795180916786194,
    0.9294320344924927,
    0.93459552526474,
    0.9397590160369873,
    0.9483649134635925,
    0.9466437101364136,
    0.9500860571861267,
    0.9432013630867004,
    0.9449225664138794,
    0.955249547958374,
    0.9466437101364136,
    0.9586918950080872,
    0.9604130983352661,
    0.9586918950080872,
    0.9707400798797607,
    0.956970751285553,
    0.9621342420578003,
    0.9672977328300476,
    0.9810671210289001,
    0.9759036302566528,
    0.9655765891075134,
    0.9655765891075134,
    0.9724612832069397,
    0.9672977328300476,
    0.9655765891075134,
    0.979345977306366,
    0.9655765891075134,
    0.9759036302566528,
    0.9759036302566528,
    0.9672977328300476,
    0.9690189361572266,
    0.9741824269294739,
    0.9707400798797607,
    0.9827883243560791,
    0.977624773979187,
    0.956970751285553,
    0.9724612832069397,
    0.9827883243560791,
    0.9724612832069397,
    0.9707400798797607,
    0.9621342420578003,
    0.9707400798797607,
    0.9810671210289001
  ],
  "loss": [
    1.6796528100967407,
    1.2752805948257446,
    1.0357112884521484,
    0.8769599795341492,
    0.7263696193695068,
    0.567436695098877,
    0.4964793920516968,
    0.4567604660987854,
    0.35579437017440796,
    0.3345404267311096,
    0.2910204827785492,
    0.2676442563533783,
    0.2651500403881073,
    0.24636147916316986,
    0.23746809363365173,
    0.24326887726783752,
    0.21599599719047546,
    0.21278032660484314,
    0.20729175209999084,
    0.1742624044418335,
    0.17589910328388214,
    0.13627278804779053,
    0.17840994894504547,
    0.17591187357902527,
    0.13109509646892548,
    0.13196814060211182,
    0.10865315049886703,
    0.13981927931308746,
    0.1291375607252121,
    0.13418352603912354,
    0.11967786401510239,
    0.12395507842302322,
    0.1082746610045433,
    0.11760906130075455,
    0.09798192232847214,
    0.1034608781337738,
    0.11005297303199768,
    0.11596621572971344,
    0.11574927717447281,
    0.10825588554143906,
    0.08758728951215744,
    0.0902586281299591,
    0.1319606453180313,
    0.0934707373380661,
    0.07190107554197311,
    0.09759294241666794,
    0.10446053743362427,
    0.11797463893890381,
    0.11992085725069046,
    0.09222971647977829
  ],
  "precision": [
    0.28169015049934387,
    0.6195651888847351,
    0.8227847814559937,
    0.8496732115745544,
    0.9038461446762085,
    0.9373493790626526,
    0.9330453276634216,
    0.9443299174308777,
    0.9745596647262573,
    0.970703125,
    0.9714828729629517,
    0.9719101190567017,
    0.9699812531471252,
    0.9726775884628296,
    0.9650092124938965,
    0.9619565010070801,
    0.9743589758872986,
    0.9728260636329651,
    0.9658886790275574,
    0.9678571224212646,
    0.9785714149475098,
    0.9789842367172241,
    0.969911515712738,
    0.9748653769493103,
    0.9770318269729614,
    0.9843205809593201,
    0.9808695912361145,
    0.9736379384994507,
    0.9702796936035156,
    0.9789842367172241,
    0.9755244851112366,
    0.9752212166786194,
    0.9842932224273682,
    0.9736841917037964,
    0.9790940880775452,
    0.9842657446861267,
    0.9756097793579102,
    0.9789842367172241,
    0.9808027744293213,
    0.9772727489471436,
    0.9826989769935608,
    0.9790940880775452,
    0.9617391228675842,
    0.985989511013031,
    0.9861591458320618,
    0.9790940880775452,
    0.9771929979324341,
    0.9754385948181152,
    0.9723183512687683,
    0.9826388955116272
  ],
  "recall": [
    0.06884681433439255,
    0.19621342420578003,
    0.3356282413005829,
    0.44750431180000305,
    0.5662650465965271,
    0.6695352792739868,
    0.7435455918312073,
    0.7882960438728333,
    0.8571428656578064,
    0.8554216623306274,
    0.8795180916786194,
    0.8932874202728271,
    0.889845073223114,
    0.9191049933433533,
    0.9018932580947876,
    0.913941502571106,
    0.9156626462936401,
    0.9242684841156006,
    0.9259896874427795,
    0.9328743815422058,
    0.9432013630867004,
    0.9621342420578003,
    0.9432013630867004,
    0.93459552526474,
    0.9518072009086609,
    0.9724612832069397,
    0.9707400798797607,
    0.9535284042358398,
    0.955249547958374,
    0.9621342420578003,
    0.9604130983352661,
    0.9483649134635925,
    0.9707400798797607,
    0.955249547958374,
    0.9672977328300476,
    0.9690189361572266,
    0.9638554453849792,
    0.9621342420578003,
    0.9672977328300476,
    0.9621342420578003,
    0.977624773979187,
    0.9672977328300476,
    0.9518072009086609,
    0.9690189361572266,
    0.9810671210289001,
    0.9672977328300476,
    0.9586918950080872,
    0.956970751285553,
    0.9672977328300476,
    0.9741824269294739
  ],
  "val_accuracy": [
    0.3103448152542114,
    0.3448275923728943,
    0.43448275327682495,
    0.517241358757019,
    0.6965517401695251,
    0.7931034564971924,
    0.8482758402824402,
    0.9034482836723328,
    0.9103448390960693,
    0.9586206674575806,
    1.0,
    1.0,
    1.0,
    0.9931034445762634,
    1.0,
    0.9931034445762634,
    0.9931034445762634,
    1.0,
    1.0,
    1.0,
    1.0,
    1.0,
    1.0,
    1.0,
    1.0,
    1.0,
    1.0,
    1.0,
    1.0,
    1.0,
    1.0,
    0.9931034445762634,
    1.0,
    1.0,
    1.0,
    1.0,
    1.0,
    1.0,
    1.0,
    1.0,
    0.9931034445762634,
    1.0,
    0.9931034445762634,
    1.0,
    1.0,
    0.9931034445762634,
    1.0,
    1.0,
    1.0,
    1.0
  ],
  "val_loss": [
    1.5468538999557495,
    1.4424035549163818,
    1.3542155027389526,
    1.2698569297790527,
    1.173714518547058,
    1.079895257949829,
    0.9876978397369385,
    0.9027315378189087,
    0.8092690110206604,
    0.73588627576828,
    0.6347450017929077,
    0.5274187326431274,
    0.420945942401886,
    0.34691116213798523,
    0.2794913351535797,
    0.25274795293807983,
    0.1863085776567459,
    0.13153305649757385,
    0.10795982927083969,
    0.08070561289787292,
    0.056251928210258484,
    0.04561883211135864,
    0.05205073952674866,
    0.04847332462668419,
    0.027271922677755356,
    0.024345967918634415,
    0.02241424098610878,
    0.01818879507482052,
    0.015646731480956078,
    0.012862350791692734,
    0.013828103430569172,
    0.015689222142100334,
    0.009177761152386665,
    0.008192556910216808,
    0.008290017955005169,
    0.006810663267970085,
    0.008993402123451233,
    0.007823755033314228,
    0.010815064422786236,
    0.008434399031102657,
    0.011194653809070587,
    0.011656812392175198,
    0.011279825121164322,
    0.007530881557613611,
    0.005931866820901632,
    0.01347336545586586,
    0.006710491143167019,
    0.01385077740997076,
    0.004961466882377863,
    0.004674241878092289
  ],
  "val_precision": [
    0.0,
    0.0,
    0.0,
    1.0,
    1.0,
    1.0,
    1.0,
    1.0,
    1.0,
    1.0,
    1.0,
    1.0,
    1.0,
    1.0,
    1.0,
    1.0,
    1.0,
    1.0,
    1.0,
    1.0,
    1.0,
    1.0,
    1.0,
    1.0,
    1.0,
    1.0,
    1.0,
    1.0,
    1.0,
    1.0,
    1.0,
    0.9931034445762634,
    1.0,
    1.0,
    1.0,
    1.0,
    1.0,
    1.0,
    1.0,
    1.0,
    0.9931034445762634,
    1.0,
    0.9931034445762634,
    1.0,
    1.0,
    0.9931034445762634,
    1.0,
    1.0,
    1.0,
    1.0
  ],